codigo_producto,fecha,cantidad_vendida,promo,feria,lluvia
SINCROCIP,2008-01-01,615,0,0,0
SINCROCIP,2008-02-01,642,1,0,0
SINCROCIP,2008-03-01,549,0,0,0
SINCROCIP,2008-04-01,482,0,0,0
SINCROCIP,2008-05-01,569,0,0,0
SINCROCIP,2008-06-01,539,0,0,0
SINCROCIP,2008-07-01,681,1,0,0
SINCROCIP,2008-08-01,554,0,0,0
SINCROCIP,2008-09-01,971,1,0,1
SINCROCIP,2008-10-01,803,0,0,1
SINCROCIP,2008-11-01,781,0,0,1
SINCROCIP,2008-12-01,461,0,0,0
SINCROCIP,2009-01-01,497,0,0,0
SINCROCIP,2009-02-01,581,0,0,0
SINCROCIP,2009-03-01,628,0,0,0
SINCROCIP,2009-04-01,630,0,1,0
SINCROCIP,2009-05-01,495,0,0,0
SINCROCIP,2009-06-01,491,0,0,0
SINCROCIP,2009-07-01,571,0,0,0
SINCROCIP,2009-08-01,540,0,0,0
SINCROCIP,2009-09-01,913,1,0,1
SINCROCIP,2009-10-01,796,0,0,1
SINCROCIP,2009-11-01,997,1,1,1
SINCROCIP,2009-12-01,716,1,0,0
SINCROCIP,2010-01-01,568,0,0,0
SINCROCIP,2010-02-01,637,0,0,0
SINCROCIP,2010-03-01,560,0,0,0
SINCROCIP,2010-04-01,526,0,0,0
SINCROCIP,2010-05-01,629,0,0,0
SINCROCIP,2010-06-01,673,1,0,0
SINCROCIP,2010-07-01,757,1,1,0
SINCROCIP,2010-08-01,503,0,0,0
SINCROCIP,2010-09-01,811,0,0,1
SINCROCIP,2010-10-01,906,1,0,1
SINCROCIP,2010-11-01,840,0,0,1
SINCROCIP,2010-12-01,598,0,0,0
SINCROCIP,2011-01-01,670,0,0,0
SINCROCIP,2011-02-01,808,1,1,0
SINCROCIP,2011-03-01,549,0,0,0
SINCROCIP,2011-04-01,597,0,0,0
SINCROCIP,2011-05-01,637,0,0,0
SINCROCIP,2011-06-01,699,1,0,0
SINCROCIP,2011-07-01,649,0,0,0
SINCROCIP,2011-08-01,675,1,0,0
SINCROCIP,2011-09-01,783,0,0,1
SINCROCIP,2011-10-01,837,0,0,1
SINCROCIP,2011-11-01,941,1,0,1
SINCROCIP,2011-12-01,566,0,0,0
SINCROCIP,2012-01-01,618,0,0,0
SINCROCIP,2012-02-01,709,1,0,0
SINCROCIP,2012-03-01,591,0,0,0
SINCROCIP,2012-04-01,624,0,0,0
SINCROCIP,2012-05-01,570,0,0,0
SINCROCIP,2012-06-01,690,1,0,0
SINCROCIP,2012-07-01,552,0,0,0
SINCROCIP,2012-08-01,523,0,0,0
SINCROCIP,2012-09-01,814,0,0,1
SINCROCIP,2012-10-01,860,0,0,1
SINCROCIP,2012-11-01,830,0,0,1
SINCROCIP,2012-12-01,562,0,0,0
SINCROCIP,2013-01-01,597,0,0,0
SINCROCIP,2013-02-01,631,0,0,0
SINCROCIP,2013-03-01,545,0,0,0
SINCROCIP,2013-04-01,634,0,0,0
SINCROCIP,2013-05-01,676,0,0,0
SINCROCIP,2013-06-01,629,0,1,0
SINCROCIP,2013-07-01,688,1,0,0
SINCROCIP,2013-08-01,627,0,0,0
SINCROCIP,2013-09-01,848,0,0,1
SINCROCIP,2013-10-01,889,0,0,1
SINCROCIP,2013-11-01,801,0,0,1
SINCROCIP,2013-12-01,630,0,0,0
SINCROCIP,2014-01-01,730,1,0,0
SINCROCIP,2014-02-01,544,0,0,0
SINCROCIP,2014-03-01,736,1,0,0
SINCROCIP,2014-04-01,587,0,0,0
SINCROCIP,2014-05-01,542,0,0,0
SINCROCIP,2014-06-01,640,0,0,0
SINCROCIP,2014-07-01,551,0,0,0
SINCROCIP,2014-08-01,765,1,0,0
SINCROCIP,2014-09-01,808,0,0,1
SINCROCIP,2014-10-01,921,1,0,1
SINCROCIP,2014-11-01,956,1,0,1
SINCROCIP,2014-12-01,691,0,1,0
SINCROCIP,2015-01-01,649,0,0,0
SINCROCIP,2015-02-01,615,0,0,0
SINCROCIP,2015-03-01,686,0,1,0
SINCROCIP,2015-04-01,738,1,0,0
SINCROCIP,2015-05-01,618,0,0,0
SINCROCIP,2015-06-01,618,0,0,0
SINCROCIP,2015-07-01,696,1,0,0
SINCROCIP,2015-08-01,627,0,0,0
SINCROCIP,2015-09-01,979,1,0,1
SINCROCIP,2015-10-01,854,0,0,1
SINCROCIP,2015-11-01,1028,1,0,1
SINCROCIP,2015-12-01,723,1,0,0
SINCROCIP,2016-01-01,632,0,0,0
SINCROCIP,2016-02-01,564,0,0,0
SINCROCIP,2016-03-01,687,0,0,0
SINCROCIP,2016-04-01,615,0,0,0
SINCROCIP,2016-05-01,630,0,0,0
SINCROCIP,2016-06-01,764,1,0,0
SINCROCIP,2016-07-01,619,0,0,0
SINCROCIP,2016-08-01,709,1,0,0
SINCROCIP,2016-09-01,817,0,0,1
SINCROCIP,2016-10-01,900,0,0,1
SINCROCIP,2016-11-01,865,0,0,1
SINCROCIP,2016-12-01,759,1,0,0
SINCROCIP,2017-01-01,778,1,0,0
SINCROCIP,2017-02-01,731,1,0,0
SINCROCIP,2017-03-01,737,1,0,0
SINCROCIP,2017-04-01,632,0,0,0
SINCROCIP,2017-05-01,580,0,0,0
SINCROCIP,2017-06-01,722,0,1,0
SINCROCIP,2017-07-01,597,0,0,0
SINCROCIP,2017-08-01,765,0,1,0
SINCROCIP,2017-09-01,880,0,0,1
SINCROCIP,2017-10-01,1046,1,0,1
SINCROCIP,2017-11-01,961,0,0,1
SINCROCIP,2017-12-01,708,0,1,0
SINCROCIP,2018-01-01,695,0,0,0
SINCROCIP,2018-02-01,764,1,0,0
SINCROCIP,2018-03-01,634,0,0,0
SINCROCIP,2018-04-01,613,0,0,0
SINCROCIP,2018-05-01,819,1,1,0
SINCROCIP,2018-06-01,636,0,0,0
SINCROCIP,2018-07-01,684,0,0,0
SINCROCIP,2018-08-01,861,1,1,0
SINCROCIP,2018-09-01,1065,1,1,1
SINCROCIP,2018-10-01,945,0,1,1
SINCROCIP,2018-11-01,937,0,0,1
SINCROCIP,2018-12-01,760,1,0,0
SINCROCIP,2019-01-01,683,0,0,0
SINCROCIP,2019-02-01,615,0,0,0
SINCROCIP,2019-03-01,777,1,0,0
SINCROCIP,2019-04-01,665,0,0,0
SINCROCIP,2019-05-01,627,0,0,0
SINCROCIP,2019-06-01,758,1,0,0
SINCROCIP,2019-07-01,772,0,0,0
SINCROCIP,2019-08-01,747,0,0,0
SINCROCIP,2019-09-01,1025,1,0,1
SINCROCIP,2019-10-01,921,0,0,1
SINCROCIP,2019-11-01,942,0,0,1
SINCROCIP,2019-12-01,709,0,0,0
SINCROCIP,2020-01-01,656,0,0,0
SINCROCIP,2020-02-01,761,1,0,0
SINCROCIP,2020-03-01,704,0,0,0
SINCROCIP,2020-04-01,620,0,0,0
SINCROCIP,2020-05-01,791,1,0,0
SINCROCIP,2020-06-01,636,0,0,0
SINCROCIP,2020-07-01,827,1,0,0
SINCROCIP,2020-08-01,680,0,0,0
SINCROCIP,2020-09-01,810,0,0,1
SINCROCIP,2020-10-01,871,0,0,1
SINCROCIP,2020-11-01,1018,0,1,1
SINCROCIP,2020-12-01,822,1,0,0
SINCROCIP,2021-01-01,631,0,0,0
SINCROCIP,2021-02-01,812,0,1,0
SINCROCIP,2021-03-01,862,1,0,0
SINCROCIP,2021-04-01,844,1,0,0
SINCROCIP,2021-05-01,698,0,0,0
SINCROCIP,2021-06-01,630,0,0,0
SINCROCIP,2021-07-01,719,0,0,0
SINCROCIP,2021-08-01,676,0,0,0
SINCROCIP,2021-09-01,1018,1,0,1
SINCROCIP,2021-10-01,991,1,0,1
SINCROCIP,2021-11-01,959,0,0,1
SINCROCIP,2021-12-01,586,0,0,0
SINCROCIP,2022-01-01,661,0,0,0
SINCROCIP,2022-02-01,690,0,0,0
SINCROCIP,2022-03-01,676,0,0,0
SINCROCIP,2022-04-01,849,1,0,0
SINCROCIP,2022-05-01,725,0,0,0
SINCROCIP,2022-06-01,717,0,0,0
SINCROCIP,2022-07-01,898,1,0,0
SINCROCIP,2022-08-01,672,0,0,0
SINCROCIP,2022-09-01,992,0,0,1
SINCROCIP,2022-10-01,843,0,0,1
SINCROCIP,2022-11-01,1029,0,1,1
SINCROCIP,2022-12-01,676,0,0,0
SINCROCIP,2023-01-01,703,0,0,0
SINCROCIP,2023-02-01,727,0,0,0
SINCROCIP,2023-03-01,742,0,0,0
SINCROCIP,2023-04-01,756,0,0,0
SINCROCIP,2023-05-01,801,0,1,0
SINCROCIP,2023-06-01,788,0,1,0
SINCROCIP,2023-07-01,669,0,0,0
SINCROCIP,2023-08-01,856,1,0,0
SINCROCIP,2023-09-01,978,0,0,1
SINCROCIP,2023-10-01,924,0,0,1
SINCROCIP,2023-11-01,1055,1,0,1
SINCROCIP,2023-12-01,690,0,0,0
SINCROCIP,2024-01-01,702,0,0,0
SINCROCIP,2024-02-01,755,0,0,0
SINCROCIP,2024-03-01,769,0,0,0
SINCROCIP,2024-04-01,802,0,1,0
SINCROCIP,2024-05-01,784,0,0,0
SINCROCIP,2024-06-01,653,0,0,0
SINCROCIP,2024-07-01,675,0,0,0
SINCROCIP,2024-08-01,737,0,0,0
SINCROCIP,2024-09-01,1049,1,0,1
SINCROCIP,2024-10-01,904,0,0,1
SINCROCIP,2024-11-01,933,0,0,1
SINCROCIP,2024-12-01,676,0,0,0
SINCROCIP,2025-01-01,708,0,0,0
SINCROCIP,2025-02-01,706,0,0,0
SINCROCIP,2025-03-01,787,0,0,0
SINCROCIP,2025-04-01,800,0,1,0
SINCROCIP,2025-05-01,783,0,1,0
SINCROCIP,2025-06-01,688,0,0,0
SINCROCIP,2025-07-01,789,0,0,0
SINCROCIP,2025-08-01,738,0,0,0
SINCROCIP,2025-09-01,1020,0,0,1
SINCROCIP,2025-10-01,1011,0,1,1
SINCROCIP,2025-11-01,977,0,0,1
SINCROCIP,2025-12-01,825,0,1,0
SINCROFORTE,2008-01-01,251,0,0,0
SINCROFORTE,2008-02-01,235,0,0,0
SINCROFORTE,2008-03-01,230,0,0,0
SINCROFORTE,2008-04-01,292,0,1,0
SINCROFORTE,2008-05-01,359,0,0,1
SINCROFORTE,2008-06-01,337,0,0,1
SINCROFORTE,2008-07-01,378,0,0,1
SINCROFORTE,2008-08-01,423,1,0,1
SINCROFORTE,2008-09-01,287,1,0,0
SINCROFORTE,2008-10-01,240,0,0,0
SINCROFORTE,2008-11-01,247,0,0,0
SINCROFORTE,2008-12-01,241,0,0,0
SINCROFORTE,2009-01-01,277,0,0,0
SINCROFORTE,2009-02-01,260,0,0,0
SINCROFORTE,2009-03-01,254,0,0,0
SINCROFORTE,2009-04-01,323,1,0,0
SINCROFORTE,2009-05-01,377,0,0,1
SINCROFORTE,2009-06-01,373,0,0,1
SINCROFORTE,2009-07-01,334,0,0,1
SINCROFORTE,2009-08-01,336,0,0,1
SINCROFORTE,2009-09-01,250,0,0,0
SINCROFORTE,2009-10-01,334,1,0,0
SINCROFORTE,2009-11-01,288,1,0,0
SINCROFORTE,2009-12-01,303,0,1,0
SINCROFORTE,2010-01-01,271,0,0,0
SINCROFORTE,2010-02-01,300,0,1,0
SINCROFORTE,2010-03-01,324,1,0,0
SINCROFORTE,2010-04-01,285,1,0,0
SINCROFORTE,2010-05-01,409,1,0,1
SINCROFORTE,2010-06-01,379,0,0,1
SINCROFORTE,2010-07-01,368,0,0,1
SINCROFORTE,2010-08-01,421,1,0,1
SINCROFORTE,2010-09-01,330,1,0,0
SINCROFORTE,2010-10-01,257,0,0,0
SINCROFORTE,2010-11-01,256,0,0,0
SINCROFORTE,2010-12-01,328,1,0,0
SINCROFORTE,2011-01-01,256,0,0,0
SINCROFORTE,2011-02-01,312,0,1,0
SINCROFORTE,2011-03-01,302,0,1,0
SINCROFORTE,2011-04-01,287,0,0,0
SINCROFORTE,2011-05-01,389,0,0,1
SINCROFORTE,2011-06-01,366,0,0,1
SINCROFORTE,2011-07-01,405,0,0,1
SINCROFORTE,2011-08-01,383,0,0,1
SINCROFORTE,2011-09-01,290,0,1,0
SINCROFORTE,2011-10-01,238,0,0,0
SINCROFORTE,2011-11-01,299,0,1,0
SINCROFORTE,2011-12-01,234,0,0,0
SINCROFORTE,2012-01-01,308,1,0,0
SINCROFORTE,2012-02-01,252,0,0,0
SINCROFORTE,2012-03-01,269,0,0,0
SINCROFORTE,2012-04-01,281,0,0,0
SINCROFORTE,2012-05-01,397,0,0,1
SINCROFORTE,2012-06-01,361,0,0,1
SINCROFORTE,2012-07-01,389,0,0,1
SINCROFORTE,2012-08-01,423,1,0,1
SINCROFORTE,2012-09-01,287,0,0,0
SINCROFORTE,2012-10-01,279,0,0,0
SINCROFORTE,2012-11-01,309,1,0,0
SINCROFORTE,2012-12-01,254,0,0,0
SINCROFORTE,2013-01-01,316,1,0,0
SINCROFORTE,2013-02-01,251,0,0,0
SINCROFORTE,2013-03-01,279,0,1,0
SINCROFORTE,2013-04-01,266,0,0,0
SINCROFORTE,2013-05-01,380,0,0,1
SINCROFORTE,2013-06-01,410,0,0,1
SINCROFORTE,2013-07-01,401,0,0,1
SINCROFORTE,2013-08-01,374,0,0,1
SINCROFORTE,2013-09-01,263,0,0,0
SINCROFORTE,2013-10-01,303,0,1,0
SINCROFORTE,2013-11-01,290,0,0,0
SINCROFORTE,2013-12-01,259,0,0,0
SINCROFORTE,2014-01-01,273,0,0,0
SINCROFORTE,2014-02-01,306,1,0,0
SINCROFORTE,2014-03-01,275,0,0,0
SINCROFORTE,2014-04-01,311,1,0,0
SINCROFORTE,2014-05-01,424,1,0,1
SINCROFORTE,2014-06-01,418,0,0,1
SINCROFORTE,2014-07-01,382,0,0,1
SINCROFORTE,2014-08-01,453,1,0,1
SINCROFORTE,2014-09-01,308,0,0,0
SINCROFORTE,2014-10-01,279,0,0,0
SINCROFORTE,2014-11-01,370,1,1,0
SINCROFORTE,2014-12-01,275,0,0,0
SINCROFORTE,2015-01-01,289,0,0,0
SINCROFORTE,2015-02-01,283,0,0,0
SINCROFORTE,2015-03-01,289,0,0,0
SINCROFORTE,2015-04-01,301,0,0,0
SINCROFORTE,2015-05-01,417,0,0,1
SINCROFORTE,2015-06-01,389,0,0,1
SINCROFORTE,2015-07-01,388,0,0,1
SINCROFORTE,2015-08-01,455,1,0,1
SINCROFORTE,2015-09-01,279,0,0,0
SINCROFORTE,2015-10-01,313,0,1,0
SINCROFORTE,2015-11-01,336,1,0,0
SINCROFORTE,2015-12-01,276,0,0,0
SINCROFORTE,2016-01-01,319,0,1,0
SINCROFORTE,2016-02-01,325,1,0,0
SINCROFORTE,2016-03-01,281,0,0,0
SINCROFORTE,2016-04-01,295,0,0,0
SINCROFORTE,2016-05-01,416,0,0,1
SINCROFORTE,2016-06-01,400,0,0,1
SINCROFORTE,2016-07-01,395,0,0,1
SINCROFORTE,2016-08-01,446,1,0,1
SINCROFORTE,2016-09-01,310,0,1,0
SINCROFORTE,2016-10-01,265,0,0,0
SINCROFORTE,2016-11-01,278,0,0,0
SINCROFORTE,2016-12-01,286,0,0,0
SINCROFORTE,2017-01-01,304,0,0,0
SINCROFORTE,2017-02-01,287,0,0,0
SINCROFORTE,2017-03-01,332,0,1,0
SINCROFORTE,2017-04-01,322,0,0,0
SINCROFORTE,2017-05-01,397,0,0,1
SINCROFORTE,2017-06-01,412,0,0,1
SINCROFORTE,2017-07-01,411,0,1,1
SINCROFORTE,2017-08-01,463,1,0,1
SINCROFORTE,2017-09-01,288,0,0,0
SINCROFORTE,2017-10-01,352,1,0,0
SINCROFORTE,2017-11-01,259,0,0,0
SINCROFORTE,2017-12-01,355,1,0,0
SINCROFORTE,2018-01-01,287,0,0,0
SINCROFORTE,2018-02-01,289,0,0,0
SINCROFORTE,2018-03-01,291,0,0,0
SINCROFORTE,2018-04-01,324,0,0,0
SINCROFORTE,2018-05-01,420,0,0,1
SINCROFORTE,2018-06-01,417,0,0,1
SINCROFORTE,2018-07-01,382,0,0,1
SINCROFORTE,2018-08-01,421,0,0,1
SINCROFORTE,2018-09-01,297,0,0,0
SINCROFORTE,2018-10-01,290,0,0,0
SINCROFORTE,2018-11-01,293,0,0,0
SINCROFORTE,2018-12-01,290,0,0,0
SINCROFORTE,2019-01-01,314,0,0,0
SINCROFORTE,2019-02-01,300,0,0,0
SINCROFORTE,2019-03-01,302,0,0,0
SINCROFORTE,2019-04-01,319,0,0,0
SINCROFORTE,2019-05-01,419,0,0,1
SINCROFORTE,2019-06-01,414,0,0,1
SINCROFORTE,2019-07-01,440,0,0,1
SINCROFORTE,2019-08-01,412,0,0,1
SINCROFORTE,2019-09-01,312,0,0,0
SINCROFORTE,2019-10-01,358,1,0,0
SINCROFORTE,2019-11-01,335,0,0,0
SINCROFORTE,2019-12-01,323,0,0,0
SINCROFORTE,2020-01-01,337,0,1,0
SINCROFORTE,2020-02-01,310,0,0,0
SINCROFORTE,2020-03-01,329,0,0,0
SINCROFORTE,2020-04-01,360,0,1,0
SINCROFORTE,2020-05-01,454,0,0,1
SINCROFORTE,2020-06-01,413,0,0,1
SINCROFORTE,2020-07-01,449,0,0,1
SINCROFORTE,2020-08-01,433,0,0,1
SINCROFORTE,2020-09-01,323,0,0,0
SINCROFORTE,2020-10-01,330,0,0,0
SINCROFORTE,2020-11-01,321,0,0,0
SINCROFORTE,2020-12-01,321,0,0,0
SINCROFORTE,2021-01-01,363,1,0,0
SINCROFORTE,2021-02-01,343,1,0,0
SINCROFORTE,2021-03-01,333,0,0,0
SINCROFORTE,2021-04-01,333,0,0,0
SINCROFORTE,2021-05-01,437,0,0,1
SINCROFORTE,2021-06-01,506,0,1,1
SINCROFORTE,2021-07-01,451,0,0,1
SINCROFORTE,2021-08-01,399,0,0,1
SINCROFORTE,2021-09-01,303,0,0,0
SINCROFORTE,2021-10-01,353,0,1,0
SINCROFORTE,2021-11-01,374,1,0,0
SINCROFORTE,2021-12-01,306,0,0,0
SINCROFORTE,2022-01-01,339,0,0,0
SINCROFORTE,2022-02-01,321,0,0,0
SINCROFORTE,2022-03-01,383,1,0,0
SINCROFORTE,2022-04-01,347,0,0,0
SINCROFORTE,2022-05-01,439,0,0,1
SINCROFORTE,2022-06-01,451,0,1,1
SINCROFORTE,2022-07-01,435,0,0,1
SINCROFORTE,2022-08-01,460,1,0,1
SINCROFORTE,2022-09-01,342,0,0,0
SINCROFORTE,2022-10-01,335,0,0,0
SINCROFORTE,2022-11-01,414,1,1,0
SINCROFORTE,2022-12-01,362,1,0,0
SINCROFORTE,2023-01-01,333,0,0,0
SINCROFORTE,2023-02-01,340,0,0,0
SINCROFORTE,2023-03-01,366,0,0,0
SINCROFORTE,2023-04-01,336,0,0,0
SINCROFORTE,2023-05-01,429,0,0,1
SINCROFORTE,2023-06-01,464,1,0,1
SINCROFORTE,2023-07-01,411,0,0,1
SINCROFORTE,2023-08-01,421,0,0,1
SINCROFORTE,2023-09-01,300,0,0,0
SINCROFORTE,2023-10-01,385,1,0,0
SINCROFORTE,2023-11-01,357,1,0,0
SINCROFORTE,2023-12-01,338,0,0,0
SINCROFORTE,2024-01-01,310,0,0,0
SINCROFORTE,2024-02-01,374,1,0,0
SINCROFORTE,2024-03-01,322,0,0,0
SINCROFORTE,2024-04-01,376,0,1,0
SINCROFORTE,2024-05-01,464,0,0,1
SINCROFORTE,2024-06-01,439,0,0,1
SINCROFORTE,2024-07-01,462,0,0,1
SINCROFORTE,2024-08-01,443,0,0,1
SINCROFORTE,2024-09-01,301,0,0,0
SINCROFORTE,2024-10-01,312,0,0,0
SINCROFORTE,2024-11-01,319,0,0,0
SINCROFORTE,2024-12-01,329,0,0,0
SINCROFORTE,2025-01-01,401,1,0,0
SINCROFORTE,2025-02-01,387,1,0,0
SINCROFORTE,2025-03-01,329,0,0,0
SINCROFORTE,2025-04-01,330,0,0,0
SINCROFORTE,2025-05-01,474,0,0,1
SINCROFORTE,2025-06-01,406,0,0,1
SINCROFORTE,2025-07-01,443,0,0,1
SINCROFORTE,2025-08-01,428,0,1,1
SINCROFORTE,2025-09-01,357,0,0,0
SINCROFORTE,2025-10-01,329,0,0,0
SINCROFORTE,2025-11-01,386,1,0,0
SINCROFORTE,2025-12-01,315,0,0,0
RESOLUTOR,2008-01-01,138,1,0,0
RESOLUTOR,2008-02-01,100,0,0,0
RESOLUTOR,2008-03-01,153,0,0,1
RESOLUTOR,2008-04-01,178,1,0,1
RESOLUTOR,2008-05-01,106,0,0,0
RESOLUTOR,2008-06-01,111,0,0,0
RESOLUTOR,2008-07-01,135,0,1,0
RESOLUTOR,2008-08-01,135,0,1,0
RESOLUTOR,2008-09-01,171,0,1,1
RESOLUTOR,2008-10-01,179,1,0,1
RESOLUTOR,2008-11-01,117,0,0,0
RESOLUTOR,2008-12-01,102,0,0,0
RESOLUTOR,2009-01-01,110,0,0,0
RESOLUTOR,2009-02-01,151,1,1,0
RESOLUTOR,2009-03-01,176,0,1,1
RESOLUTOR,2009-04-01,163,0,0,1
RESOLUTOR,2009-05-01,106,0,0,0
RESOLUTOR,2009-06-01,115,0,1,0
RESOLUTOR,2009-07-01,113,0,0,0
RESOLUTOR,2009-08-01,113,0,0,0
RESOLUTOR,2009-09-01,183,0,1,1
RESOLUTOR,2009-10-01,150,0,0,1
RESOLUTOR,2009-11-01,118,0,0,0
RESOLUTOR,2009-12-01,100,0,0,0
RESOLUTOR,2010-01-01,114,0,0,0
RESOLUTOR,2010-02-01,117,0,0,0
RESOLUTOR,2010-03-01,165,0,0,1
RESOLUTOR,2010-04-01,151,0,0,1
RESOLUTOR,2010-05-01,131,1,0,0
RESOLUTOR,2010-06-01,119,0,0,0
RESOLUTOR,2010-07-01,110,0,0,0
RESOLUTOR,2010-08-01,112,0,0,0
RESOLUTOR,2010-09-01,157,0,0,1
RESOLUTOR,2010-10-01,180,0,1,1
RESOLUTOR,2010-11-01,117,0,0,0
RESOLUTOR,2010-12-01,122,0,0,0
RESOLUTOR,2011-01-01,117,0,0,0
RESOLUTOR,2011-02-01,126,0,0,0
RESOLUTOR,2011-03-01,158,0,0,1
RESOLUTOR,2011-04-01,188,1,0,1
RESOLUTOR,2011-05-01,119,0,0,0
RESOLUTOR,2011-06-01,131,0,1,0
RESOLUTOR,2011-07-01,123,0,0,0
RESOLUTOR,2011-08-01,113,0,0,0
RESOLUTOR,2011-09-01,168,0,0,1
RESOLUTOR,2011-10-01,157,0,0,1
RESOLUTOR,2011-11-01,125,0,0,0
RESOLUTOR,2011-12-01,118,0,0,0
RESOLUTOR,2012-01-01,135,1,0,0
RESOLUTOR,2012-02-01,130,0,0,0
RESOLUTOR,2012-03-01,164,0,0,1
RESOLUTOR,2012-04-01,182,0,0,1
RESOLUTOR,2012-05-01,147,1,0,0
RESOLUTOR,2012-06-01,106,0,0,0
RESOLUTOR,2012-07-01,124,0,0,0
RESOLUTOR,2012-08-01,154,1,0,0
RESOLUTOR,2012-09-01,174,0,0,1
RESOLUTOR,2012-10-01,178,1,0,1
RESOLUTOR,2012-11-01,123,0,0,0
RESOLUTOR,2012-12-01,144,1,1,0
RESOLUTOR,2013-01-01,127,0,0,0
RESOLUTOR,2013-02-01,133,1,0,0
RESOLUTOR,2013-03-01,201,1,0,1
RESOLUTOR,2013-04-01,172,0,0,1
RESOLUTOR,2013-05-01,129,1,0,0
RESOLUTOR,2013-06-01,132,1,0,0
RESOLUTOR,2013-07-01,128,0,0,0
RESOLUTOR,2013-08-01,107,0,0,0
RESOLUTOR,2013-09-01,171,0,0,1
RESOLUTOR,2013-10-01,183,0,0,1
RESOLUTOR,2013-11-01,117,0,0,0
RESOLUTOR,2013-12-01,128,0,1,0
RESOLUTOR,2014-01-01,124,0,0,0
RESOLUTOR,2014-02-01,140,0,1,0
RESOLUTOR,2014-03-01,170,0,0,1
RESOLUTOR,2014-04-01,199,1,0,1
RESOLUTOR,2014-05-01,114,0,0,0
RESOLUTOR,2014-06-01,134,0,0,0
RESOLUTOR,2014-07-01,116,0,0,0
RESOLUTOR,2014-08-01,125,0,0,0
RESOLUTOR,2014-09-01,183,0,0,1
RESOLUTOR,2014-10-01,169,0,0,1
RESOLUTOR,2014-11-01,155,1,0,0
RESOLUTOR,2014-12-01,134,0,0,0
RESOLUTOR,2015-01-01,119,0,0,0
RESOLUTOR,2015-02-01,161,1,1,0
RESOLUTOR,2015-03-01,184,0,0,1
RESOLUTOR,2015-04-01,201,1,0,1
RESOLUTOR,2015-05-01,125,0,0,0
RESOLUTOR,2015-06-01,122,0,0,0
RESOLUTOR,2015-07-01,123,0,0,0
RESOLUTOR,2015-08-01,125,0,0,0
RESOLUTOR,2015-09-01,172,0,0,1
RESOLUTOR,2015-10-01,187,1,0,1
RESOLUTOR,2015-11-01,147,1,0,0
RESOLUTOR,2015-12-01,112,0,0,0
RESOLUTOR,2016-01-01,119,0,0,0
RESOLUTOR,2016-02-01,133,0,0,0
RESOLUTOR,2016-03-01,170,0,0,1
RESOLUTOR,2016-04-01,175,0,0,1
RESOLUTOR,2016-05-01,118,0,0,0
RESOLUTOR,2016-06-01,126,0,0,0
RESOLUTOR,2016-07-01,122,0,0,0
RESOLUTOR,2016-08-01,111,0,0,0
RESOLUTOR,2016-09-01,167,0,0,1
RESOLUTOR,2016-10-01,178,0,0,1
RESOLUTOR,2016-11-01,137,1,0,0
RESOLUTOR,2016-12-01,118,0,0,0
RESOLUTOR,2017-01-01,156,1,0,0
RESOLUTOR,2017-02-01,132,0,0,0
RESOLUTOR,2017-03-01,193,0,0,1
RESOLUTOR,2017-04-01,185,0,0,1
RESOLUTOR,2017-05-01,137,0,0,0
RESOLUTOR,2017-06-01,123,0,0,0
RESOLUTOR,2017-07-01,131,0,0,0
RESOLUTOR,2017-08-01,140,0,0,0
RESOLUTOR,2017-09-01,196,0,1,1
RESOLUTOR,2017-10-01,194,0,0,1
RESOLUTOR,2017-11-01,132,0,0,0
RESOLUTOR,2017-12-01,128,0,0,0
RESOLUTOR,2018-01-01,130,0,0,0
RESOLUTOR,2018-02-01,145,0,0,0
RESOLUTOR,2018-03-01,160,0,0,1
RESOLUTOR,2018-04-01,191,1,0,1
RESOLUTOR,2018-05-01,143,1,0,0
RESOLUTOR,2018-06-01,154,1,0,0
RESOLUTOR,2018-07-01,129,0,0,0
RESOLUTOR,2018-08-01,153,0,1,0
RESOLUTOR,2018-09-01,182,0,0,1
RESOLUTOR,2018-10-01,177,0,0,1
RESOLUTOR,2018-11-01,144,0,0,0
RESOLUTOR,2018-12-01,142,0,0,0
RESOLUTOR,2019-01-01,168,0,1,0
RESOLUTOR,2019-02-01,151,1,0,0
RESOLUTOR,2019-03-01,185,0,0,1
RESOLUTOR,2019-04-01,186,0,0,1
RESOLUTOR,2019-05-01,158,0,1,0
RESOLUTOR,2019-06-01,171,1,1,0
RESOLUTOR,2019-07-01,141,0,0,0
RESOLUTOR,2019-08-01,156,1,0,0
RESOLUTOR,2019-09-01,172,0,0,1
RESOLUTOR,2019-10-01,179,0,0,1
RESOLUTOR,2019-11-01,138,0,0,0
RESOLUTOR,2019-12-01,135,0,0,0
RESOLUTOR,2020-01-01,138,0,0,0
RESOLUTOR,2020-02-01,142,0,0,0
RESOLUTOR,2020-03-01,201,0,0,1
RESOLUTOR,2020-04-01,184,0,0,1
RESOLUTOR,2020-05-01,142,0,0,0
RESOLUTOR,2020-06-01,128,0,0,0
RESOLUTOR,2020-07-01,140,0,0,0
RESOLUTOR,2020-08-01,129,0,0,0
RESOLUTOR,2020-09-01,189,0,0,1
RESOLUTOR,2020-10-01,169,0,0,1
RESOLUTOR,2020-11-01,121,0,0,0
RESOLUTOR,2020-12-01,138,0,0,0
RESOLUTOR,2021-01-01,138,0,0,0
RESOLUTOR,2021-02-01,149,0,0,0
RESOLUTOR,2021-03-01,203,1,0,1
RESOLUTOR,2021-04-01,211,1,0,1
RESOLUTOR,2021-05-01,135,0,0,0
RESOLUTOR,2021-06-01,143,0,0,0
RESOLUTOR,2021-07-01,135,0,0,0
RESOLUTOR,2021-08-01,165,1,0,0
RESOLUTOR,2021-09-01,183,0,0,1
RESOLUTOR,2021-10-01,184,0,0,1
RESOLUTOR,2021-11-01,158,1,0,0
RESOLUTOR,2021-12-01,137,0,0,0
RESOLUTOR,2022-01-01,142,0,0,0
RESOLUTOR,2022-02-01,158,1,0,0
RESOLUTOR,2022-03-01,189,0,0,1
RESOLUTOR,2022-04-01,193,0,0,1
RESOLUTOR,2022-05-01,146,0,1,0
RESOLUTOR,2022-06-01,173,0,1,0
RESOLUTOR,2022-07-01,152,0,0,0
RESOLUTOR,2022-08-01,145,0,0,0
RESOLUTOR,2022-09-01,187,0,0,1
RESOLUTOR,2022-10-01,192,0,0,1
RESOLUTOR,2022-11-01,162,1,0,0
RESOLUTOR,2022-12-01,144,0,0,0
RESOLUTOR,2023-01-01,171,0,0,0
RESOLUTOR,2023-02-01,145,0,0,0
RESOLUTOR,2023-03-01,200,0,0,1
RESOLUTOR,2023-04-01,236,1,1,1
RESOLUTOR,2023-05-01,134,0,0,0
RESOLUTOR,2023-06-01,172,1,0,0
RESOLUTOR,2023-07-01,147,0,0,0
RESOLUTOR,2023-08-01,145,0,1,0
RESOLUTOR,2023-09-01,215,1,0,1
RESOLUTOR,2023-10-01,217,1,0,1
RESOLUTOR,2023-11-01,165,0,0,0
RESOLUTOR,2023-12-01,151,0,0,0
RESOLUTOR,2024-01-01,143,0,0,0
RESOLUTOR,2024-02-01,152,0,0,0
RESOLUTOR,2024-03-01,204,0,1,1
RESOLUTOR,2024-04-01,198,1,0,1
RESOLUTOR,2024-05-01,137,0,0,0
RESOLUTOR,2024-06-01,143,0,0,0
RESOLUTOR,2024-07-01,148,0,0,0
RESOLUTOR,2024-08-01,168,1,0,0
RESOLUTOR,2024-09-01,226,0,1,1
RESOLUTOR,2024-10-01,217,1,0,1
RESOLUTOR,2024-11-01,139,0,0,0
RESOLUTOR,2024-12-01,138,0,0,0
RESOLUTOR,2025-01-01,150,0,0,0
RESOLUTOR,2025-02-01,136,0,0,0
RESOLUTOR,2025-03-01,191,0,0,1
RESOLUTOR,2025-04-01,201,0,0,1
RESOLUTOR,2025-05-01,140,0,0,0
RESOLUTOR,2025-06-01,149,0,0,0
RESOLUTOR,2025-07-01,148,0,0,0
RESOLUTOR,2025-08-01,147,0,0,0
RESOLUTOR,2025-09-01,194,0,0,1
RESOLUTOR,2025-10-01,199,0,1,1
RESOLUTOR,2025-11-01,185,1,1,0
RESOLUTOR,2025-12-01,150,0,0,0
OUROVIT-500,2008-01-01,226,0,0,0
OUROVIT-500,2008-02-01,255,0,0,0
OUROVIT-500,2008-03-01,246,0,0,0
OUROVIT-500,2008-04-01,310,1,0,0
OUROVIT-500,2008-05-01,285,0,0,0
OUROVIT-500,2008-06-01,263,0,0,0
OUROVIT-500,2008-07-01,259,0,0,0
OUROVIT-500,2008-08-01,358,0,0,1
OUROVIT-500,2008-09-01,342,0,0,1
OUROVIT-500,2008-10-01,422,1,0,1
OUROVIT-500,2008-11-01,290,1,0,0
OUROVIT-500,2008-12-01,255,0,0,0
OUROVIT-500,2009-01-01,252,0,0,0
OUROVIT-500,2009-02-01,272,0,0,0
OUROVIT-500,2009-03-01,250,0,0,0
OUROVIT-500,2009-04-01,246,0,0,0
OUROVIT-500,2009-05-01,292,0,0,0
OUROVIT-500,2009-06-01,237,0,0,0
OUROVIT-500,2009-07-01,265,0,0,0
OUROVIT-500,2009-08-01,458,1,1,1
OUROVIT-500,2009-09-01,366,0,0,1
OUROVIT-500,2009-10-01,438,1,0,1
OUROVIT-500,2009-11-01,259,0,0,0
OUROVIT-500,2009-12-01,277,0,0,0
OUROVIT-500,2010-01-01,248,0,0,0
OUROVIT-500,2010-02-01,263,0,0,0
OUROVIT-500,2010-03-01,292,0,1,0
OUROVIT-500,2010-04-01,255,0,0,0
OUROVIT-500,2010-05-01,283,0,0,0
OUROVIT-500,2010-06-01,266,0,1,0
OUROVIT-500,2010-07-01,254,0,0,0
OUROVIT-500,2010-08-01,355,0,0,1
OUROVIT-500,2010-09-01,395,0,0,1
OUROVIT-500,2010-10-01,378,0,0,1
OUROVIT-500,2010-11-01,261,0,0,0
OUROVIT-500,2010-12-01,290,1,0,0
OUROVIT-500,2011-01-01,263,0,0,0
OUROVIT-500,2011-02-01,270,0,0,0
OUROVIT-500,2011-03-01,268,0,0,0
OUROVIT-500,2011-04-01,271,0,0,0
OUROVIT-500,2011-05-01,231,0,0,0
OUROVIT-500,2011-06-01,319,0,1,0
OUROVIT-500,2011-07-01,259,0,0,0
OUROVIT-500,2011-08-01,409,0,0,1
OUROVIT-500,2011-09-01,367,0,0,1
OUROVIT-500,2011-10-01,422,1,0,1
OUROVIT-500,2011-11-01,251,0,0,0
OUROVIT-500,2011-12-01,240,0,0,0
OUROVIT-500,2012-01-01,334,1,0,0
OUROVIT-500,2012-02-01,300,0,0,0
OUROVIT-500,2012-03-01,271,0,0,0
OUROVIT-500,2012-04-01,302,0,1,0
OUROVIT-500,2012-05-01,275,0,0,0
OUROVIT-500,2012-06-01,287,0,0,0
OUROVIT-500,2012-07-01,254,0,0,0
OUROVIT-500,2012-08-01,399,0,0,1
OUROVIT-500,2012-09-01,395,0,1,1
OUROVIT-500,2012-10-01,375,0,0,1
OUROVIT-500,2012-11-01,232,0,0,0
OUROVIT-500,2012-12-01,247,0,0,0
OUROVIT-500,2013-01-01,295,1,0,0
OUROVIT-500,2013-02-01,283,0,0,0
OUROVIT-500,2013-03-01,279,0,0,0
OUROVIT-500,2013-04-01,326,1,0,0
OUROVIT-500,2013-05-01,273,0,0,0
OUROVIT-500,2013-06-01,261,0,0,0
OUROVIT-500,2013-07-01,324,0,1,0
OUROVIT-500,2013-08-01,385,0,0,1
OUROVIT-500,2013-09-01,378,0,0,1
OUROVIT-500,2013-10-01,403,0,0,1
OUROVIT-500,2013-11-01,244,0,0,0
OUROVIT-500,2013-12-01,249,0,0,0
OUROVIT-500,2014-01-01,347,1,0,0
OUROVIT-500,2014-02-01,318,1,0,0
OUROVIT-500,2014-03-01,353,1,0,0
OUROVIT-500,2014-04-01,326,1,0,0
OUROVIT-500,2014-05-01,305,0,0,0
OUROVIT-500,2014-06-01,269,0,0,0
OUROVIT-500,2014-07-01,350,0,1,0
OUROVIT-500,2014-08-01,421,0,0,1
OUROVIT-500,2014-09-01,400,0,0,1
OUROVIT-500,2014-10-01,362,0,0,1
OUROVIT-500,2014-11-01,275,0,0,0
OUROVIT-500,2014-12-01,286,0,0,0
OUROVIT-500,2015-01-01,292,0,0,0
OUROVIT-500,2015-02-01,298,0,0,0
OUROVIT-500,2015-03-01,263,0,0,0
OUROVIT-500,2015-04-01,289,0,0,0
OUROVIT-500,2015-05-01,268,0,0,0
OUROVIT-500,2015-06-01,292,0,0,0
OUROVIT-500,2015-07-01,319,1,0,0
OUROVIT-500,2015-08-01,367,0,0,1
OUROVIT-500,2015-09-01,366,0,0,1
OUROVIT-500,2015-10-01,398,0,0,1
OUROVIT-500,2015-11-01,290,0,0,0
OUROVIT-500,2015-12-01,294,0,0,0
OUROVIT-500,2016-01-01,237,0,0,0
OUROVIT-500,2016-02-01,285,0,0,0
OUROVIT-500,2016-03-01,303,0,0,0
OUROVIT-500,2016-04-01,329,1,0,0
OUROVIT-500,2016-05-01,325,1,0,0
OUROVIT-500,2016-06-01,285,0,0,0
OUROVIT-500,2016-07-01,268,0,0,0
OUROVIT-500,2016-08-01,430,1,0,1
OUROVIT-500,2016-09-01,385,0,0,1
OUROVIT-500,2016-10-01,410,0,0,1
OUROVIT-500,2016-11-01,285,0,0,0
OUROVIT-500,2016-12-01,312,0,0,0
OUROVIT-500,2017-01-01,293,0,0,0
OUROVIT-500,2017-02-01,325,0,1,0
OUROVIT-500,2017-03-01,284,0,0,0
OUROVIT-500,2017-04-01,333,1,0,0
OUROVIT-500,2017-05-01,370,1,0,0
OUROVIT-500,2017-06-01,293,0,0,0
OUROVIT-500,2017-07-01,371,1,0,0
OUROVIT-500,2017-08-01,383,0,0,1
OUROVIT-500,2017-09-01,405,0,0,1
OUROVIT-500,2017-10-01,467,1,1,1
OUROVIT-500,2017-11-01,280,0,0,0
OUROVIT-500,2017-12-01,274,0,0,0
OUROVIT-500,2018-01-01,305,0,0,0
OUROVIT-500,2018-02-01,362,1,0,0
OUROVIT-500,2018-03-01,294,0,0,0
OUROVIT-500,2018-04-01,276,0,0,0
OUROVIT-500,2018-05-01,384,1,0,0
OUROVIT-500,2018-06-01,356,1,0,0
OUROVIT-500,2018-07-01,298,0,0,0
OUROVIT-500,2018-08-01,421,0,0,1
OUROVIT-500,2018-09-01,457,1,0,1
OUROVIT-500,2018-10-01,429,0,0,1
OUROVIT-500,2018-11-01,269,0,0,0
OUROVIT-500,2018-12-01,293,0,0,0
OUROVIT-500,2019-01-01,316,0,0,0
OUROVIT-500,2019-02-01,387,1,0,0
OUROVIT-500,2019-03-01,326,1,0,0
OUROVIT-500,2019-04-01,307,0,0,0
OUROVIT-500,2019-05-01,275,0,0,0
OUROVIT-500,2019-06-01,332,1,0,0
OUROVIT-500,2019-07-01,396,1,1,0
OUROVIT-500,2019-08-01,468,1,0,1
OUROVIT-500,2019-09-01,420,0,0,1
OUROVIT-500,2019-10-01,391,0,0,1
OUROVIT-500,2019-11-01,283,0,0,0
OUROVIT-500,2019-12-01,294,0,0,0
OUROVIT-500,2020-01-01,291,0,0,0
OUROVIT-500,2020-02-01,318,0,0,0
OUROVIT-500,2020-03-01,328,0,0,0
OUROVIT-500,2020-04-01,336,1,0,0
OUROVIT-500,2020-05-01,311,0,0,0
OUROVIT-500,2020-06-01,303,0,0,0
OUROVIT-500,2020-07-01,304,0,0,0
OUROVIT-500,2020-08-01,486,1,0,1
OUROVIT-500,2020-09-01,439,0,0,1
OUROVIT-500,2020-10-01,433,0,0,1
OUROVIT-500,2020-11-01,304,0,0,0
OUROVIT-500,2020-12-01,303,0,0,0
OUROVIT-500,2021-01-01,292,0,0,0
OUROVIT-500,2021-02-01,369,1,0,0
OUROVIT-500,2021-03-01,328,0,1,0
OUROVIT-500,2021-04-01,282,0,0,0
OUROVIT-500,2021-05-01,293,0,0,0
OUROVIT-500,2021-06-01,320,0,0,0
OUROVIT-500,2021-07-01,305,0,0,0
OUROVIT-500,2021-08-01,489,1,0,1
OUROVIT-500,2021-09-01,428,0,0,1
OUROVIT-500,2021-10-01,430,0,0,1
OUROVIT-500,2021-11-01,319,0,0,0
OUROVIT-500,2021-12-01,326,0,0,0
OUROVIT-500,2022-01-01,342,0,0,0
OUROVIT-500,2022-02-01,329,0,0,0
OUROVIT-500,2022-03-01,357,1,0,0
OUROVIT-500,2022-04-01,282,0,0,0
OUROVIT-500,2022-05-01,372,0,1,0
OUROVIT-500,2022-06-01,337,0,0,0
OUROVIT-500,2022-07-01,305,0,0,0
OUROVIT-500,2022-08-01,458,0,0,1
OUROVIT-500,2022-09-01,437,0,0,1
OUROVIT-500,2022-10-01,395,0,0,1
OUROVIT-500,2022-11-01,293,0,0,0
OUROVIT-500,2022-12-01,374,1,0,0
OUROVIT-500,2023-01-01,334,0,0,0
OUROVIT-500,2023-02-01,296,0,0,0
OUROVIT-500,2023-03-01,313,0,0,0
OUROVIT-500,2023-04-01,335,0,0,0
OUROVIT-500,2023-05-01,319,0,0,0
OUROVIT-500,2023-06-01,350,0,0,0
OUROVIT-500,2023-07-01,317,0,0,0
OUROVIT-500,2023-08-01,450,0,0,1
OUROVIT-500,2023-09-01,542,1,1,1
OUROVIT-500,2023-10-01,466,0,1,1
OUROVIT-500,2023-11-01,327,0,1,0
OUROVIT-500,2023-12-01,387,1,0,0
OUROVIT-500,2024-01-01,325,0,0,0
OUROVIT-500,2024-02-01,344,1,0,0
OUROVIT-500,2024-03-01,362,0,1,0
OUROVIT-500,2024-04-01,322,0,0,0
OUROVIT-500,2024-05-01,399,1,0,0
OUROVIT-500,2024-06-01,333,0,0,0
OUROVIT-500,2024-07-01,366,1,0,0
OUROVIT-500,2024-08-01,418,0,0,1
OUROVIT-500,2024-09-01,475,0,0,1
OUROVIT-500,2024-10-01,448,0,0,1
OUROVIT-500,2024-11-01,328,0,0,0
OUROVIT-500,2024-12-01,356,1,0,0
OUROVIT-500,2025-01-01,333,0,0,0
OUROVIT-500,2025-02-01,307,0,0,0
OUROVIT-500,2025-03-01,334,0,0,0
OUROVIT-500,2025-04-01,395,1,0,0
OUROVIT-500,2025-05-01,363,0,0,0
OUROVIT-500,2025-06-01,351,0,0,0
OUROVIT-500,2025-07-01,321,0,0,0
OUROVIT-500,2025-08-01,455,0,0,1
OUROVIT-500,2025-09-01,466,0,0,1
OUROVIT-500,2025-10-01,448,0,0,1
OUROVIT-500,2025-11-01,364,0,0,0
OUROVIT-500,2025-12-01,335,0,0,0
CIPROLAC,2008-01-01,595,0,1,0
CIPROLAC,2008-02-01,500,0,0,0
CIPROLAC,2008-03-01,746,0,0,1
CIPROLAC,2008-04-01,774,0,0,1
CIPROLAC,2008-05-01,410,0,0,0
CIPROLAC,2008-06-01,555,0,0,0
CIPROLAC,2008-07-01,523,0,0,0
CIPROLAC,2008-08-01,525,0,1,0
CIPROLAC,2008-09-01,653,1,0,0
CIPROLAC,2008-10-01,625,1,0,0
CIPROLAC,2008-11-01,749,0,0,1
CIPROLAC,2008-12-01,732,0,0,1
CIPROLAC,2009-01-01,468,0,0,0
CIPROLAC,2009-02-01,492,0,0,0
CIPROLAC,2009-03-01,694,0,0,1
CIPROLAC,2009-04-01,762,0,0,1
CIPROLAC,2009-05-01,568,1,0,0
CIPROLAC,2009-06-01,475,0,0,0
CIPROLAC,2009-07-01,527,0,0,0
CIPROLAC,2009-08-01,544,0,0,0
CIPROLAC,2009-09-01,609,1,0,0
CIPROLAC,2009-10-01,586,0,0,0
CIPROLAC,2009-11-01,721,0,0,1
CIPROLAC,2009-12-01,773,0,0,1
CIPROLAC,2010-01-01,449,0,0,0
CIPROLAC,2010-02-01,543,0,0,0
CIPROLAC,2010-03-01,730,0,0,1
CIPROLAC,2010-04-01,793,0,0,1
CIPROLAC,2010-05-01,522,0,0,0
CIPROLAC,2010-06-01,509,0,0,0
CIPROLAC,2010-07-01,552,0,0,0
CIPROLAC,2010-08-01,524,0,0,0
CIPROLAC,2010-09-01,568,0,1,0
CIPROLAC,2010-10-01,601,1,0,0
CIPROLAC,2010-11-01,841,1,0,1
CIPROLAC,2010-12-01,852,1,0,1
CIPROLAC,2011-01-01,579,0,0,0
CIPROLAC,2011-02-01,523,0,0,0
CIPROLAC,2011-03-01,698,0,0,1
CIPROLAC,2011-04-01,747,0,0,1
CIPROLAC,2011-05-01,555,0,0,0
CIPROLAC,2011-06-01,581,0,0,0
CIPROLAC,2011-07-01,491,0,0,0
CIPROLAC,2011-08-01,661,1,0,0
CIPROLAC,2011-09-01,551,0,0,0
CIPROLAC,2011-10-01,518,0,0,0
CIPROLAC,2011-11-01,852,1,0,1
CIPROLAC,2011-12-01,805,1,0,1
CIPROLAC,2012-01-01,502,0,0,0
CIPROLAC,2012-02-01,565,1,0,0
CIPROLAC,2012-03-01,754,0,0,1
CIPROLAC,2012-04-01,790,0,0,1
CIPROLAC,2012-05-01,537,0,0,0
CIPROLAC,2012-06-01,546,0,0,0
CIPROLAC,2012-07-01,499,0,0,0
CIPROLAC,2012-08-01,519,0,0,0
CIPROLAC,2012-09-01,643,1,0,0
CIPROLAC,2012-10-01,695,0,1,0
CIPROLAC,2012-11-01,861,1,0,1
CIPROLAC,2012-12-01,729,0,0,1
CIPROLAC,2013-01-01,550,0,0,0
CIPROLAC,2013-02-01,572,0,0,0
CIPROLAC,2013-03-01,927,1,0,1
CIPROLAC,2013-04-01,817,0,0,1
CIPROLAC,2013-05-01,585,0,0,0
CIPROLAC,2013-06-01,538,0,0,0
CIPROLAC,2013-07-01,503,0,0,0
CIPROLAC,2013-08-01,662,0,1,0
CIPROLAC,2013-09-01,588,0,0,0
CIPROLAC,2013-10-01,577,0,0,0
CIPROLAC,2013-11-01,818,0,0,1
CIPROLAC,2013-12-01,766,0,0,1
CIPROLAC,2014-01-01,583,0,0,0
CIPROLAC,2014-02-01,654,1,0,0
CIPROLAC,2014-03-01,729,0,0,1
CIPROLAC,2014-04-01,820,0,0,1
CIPROLAC,2014-05-01,712,1,0,0
CIPROLAC,2014-06-01,643,1,0,0
CIPROLAC,2014-07-01,516,0,0,0
CIPROLAC,2014-08-01,542,0,0,0
CIPROLAC,2014-09-01,602,0,0,0
CIPROLAC,2014-10-01,594,0,0,0
CIPROLAC,2014-11-01,813,0,0,1
CIPROLAC,2014-12-01,801,0,0,1
CIPROLAC,2015-01-01,547,0,0,0
CIPROLAC,2015-02-01,694,1,0,0
CIPROLAC,2015-03-01,811,0,0,1
CIPROLAC,2015-04-01,901,1,0,1
CIPROLAC,2015-05-01,605,1,0,0
CIPROLAC,2015-06-01,594,0,0,0
CIPROLAC,2015-07-01,559,0,0,0
CIPROLAC,2015-08-01,529,0,0,0
CIPROLAC,2015-09-01,612,0,0,0
CIPROLAC,2015-10-01,627,0,0,0
CIPROLAC,2015-11-01,774,0,0,1
CIPROLAC,2015-12-01,824,0,0,1
CIPROLAC,2016-01-01,608,0,0,0
CIPROLAC,2016-02-01,515,0,0,0
CIPROLAC,2016-03-01,854,0,1,1
CIPROLAC,2016-04-01,825,0,0,1
CIPROLAC,2016-05-01,748,1,1,0
CIPROLAC,2016-06-01,695,1,0,0
CIPROLAC,2016-07-01,593,0,0,0
CIPROLAC,2016-08-01,578,0,0,0
CIPROLAC,2016-09-01,568,0,0,0
CIPROLAC,2016-10-01,629,0,1,0
CIPROLAC,2016-11-01,867,1,0,1
CIPROLAC,2016-12-01,859,0,1,1
CIPROLAC,2017-01-01,617,0,0,0
CIPROLAC,2017-02-01,564,0,0,0
CIPROLAC,2017-03-01,835,0,0,1
CIPROLAC,2017-04-01,873,0,0,1
CIPROLAC,2017-05-01,637,0,0,0
CIPROLAC,2017-06-01,600,0,0,0
CIPROLAC,2017-07-01,550,0,0,0
CIPROLAC,2017-08-01,546,0,0,0
CIPROLAC,2017-09-01,603,0,0,0
CIPROLAC,2017-10-01,710,1,0,0
CIPROLAC,2017-11-01,831,0,0,1
CIPROLAC,2017-12-01,862,0,0,1
CIPROLAC,2018-01-01,696,0,1,0
CIPROLAC,2018-02-01,712,1,0,0
CIPROLAC,2018-03-01,931,1,0,1
CIPROLAC,2018-04-01,825,0,0,1
CIPROLAC,2018-05-01,749,1,0,0
CIPROLAC,2018-06-01,727,1,0,0
CIPROLAC,2018-07-01,698,1,0,0
CIPROLAC,2018-08-01,612,0,0,0
CIPROLAC,2018-09-01,666,1,0,0
CIPROLAC,2018-10-01,659,0,0,0
CIPROLAC,2018-11-01,826,0,0,1
CIPROLAC,2018-12-01,836,0,0,1
CIPROLAC,2019-01-01,655,0,0,0
CIPROLAC,2019-02-01,744,1,0,0
CIPROLAC,2019-03-01,817,0,0,1
CIPROLAC,2019-04-01,947,1,0,1
CIPROLAC,2019-05-01,615,0,0,0
CIPROLAC,2019-06-01,623,0,0,0
CIPROLAC,2019-07-01,645,0,0,0
CIPROLAC,2019-08-01,641,0,0,0
CIPROLAC,2019-09-01,649,0,0,0
CIPROLAC,2019-10-01,633,0,0,0
CIPROLAC,2019-11-01,875,0,1,1
CIPROLAC,2019-12-01,843,0,0,1
CIPROLAC,2020-01-01,729,1,0,0
CIPROLAC,2020-02-01,594,0,0,0
CIPROLAC,2020-03-01,906,1,0,1
CIPROLAC,2020-04-01,905,0,0,1
CIPROLAC,2020-05-01,600,0,0,0
CIPROLAC,2020-06-01,654,0,1,0
CIPROLAC,2020-07-01,600,0,0,0
CIPROLAC,2020-08-01,636,0,0,0
CIPROLAC,2020-09-01,601,0,0,0
CIPROLAC,2020-10-01,597,0,0,0
CIPROLAC,2020-11-01,841,0,0,1
CIPROLAC,2020-12-01,790,0,0,1
CIPROLAC,2021-01-01,600,0,0,0
CIPROLAC,2021-02-01,798,1,0,0
CIPROLAC,2021-03-01,823,0,0,1
CIPROLAC,2021-04-01,899,0,0,1
CIPROLAC,2021-05-01,622,0,0,0
CIPROLAC,2021-06-01,756,1,0,0
CIPROLAC,2021-07-01,649,0,0,0
CIPROLAC,2021-08-01,638,0,0,0
CIPROLAC,2021-09-01,801,1,0,0
CIPROLAC,2021-10-01,607,0,0,0
CIPROLAC,2021-11-01,850,0,0,1
CIPROLAC,2021-12-01,848,0,0,1
CIPROLAC,2022-01-01,657,0,0,0
CIPROLAC,2022-02-01,614,0,0,0
CIPROLAC,2022-03-01,947,1,0,1
CIPROLAC,2022-04-01,752,0,0,1
CIPROLAC,2022-05-01,643,0,0,0
CIPROLAC,2022-06-01,753,0,1,0
CIPROLAC,2022-07-01,598,0,0,0
CIPROLAC,2022-08-01,652,0,0,0
CIPROLAC,2022-09-01,591,0,0,0
CIPROLAC,2022-10-01,755,1,0,0
CIPROLAC,2022-11-01,797,0,0,1
CIPROLAC,2022-12-01,903,0,0,1
CIPROLAC,2023-01-01,616,0,0,0
CIPROLAC,2023-02-01,658,0,0,0
CIPROLAC,2023-03-01,856,0,0,1
CIPROLAC,2023-04-01,832,0,0,1
CIPROLAC,2023-05-01,601,0,0,0
CIPROLAC,2023-06-01,717,0,1,0
CIPROLAC,2023-07-01,676,0,0,0
CIPROLAC,2023-08-01,696,0,1,0
CIPROLAC,2023-09-01,584,0,0,0
CIPROLAC,2023-10-01,685,0,1,0
CIPROLAC,2023-11-01,896,0,0,1
CIPROLAC,2023-12-01,909,0,0,1
CIPROLAC,2024-01-01,694,0,0,0
CIPROLAC,2024-02-01,660,0,0,0
CIPROLAC,2024-03-01,871,0,0,1
CIPROLAC,2024-04-01,963,1,0,1
CIPROLAC,2024-05-01,639,0,0,0
CIPROLAC,2024-06-01,617,0,0,0
CIPROLAC,2024-07-01,684,0,0,0
CIPROLAC,2024-08-01,704,0,0,0
CIPROLAC,2024-09-01,805,1,0,0
CIPROLAC,2024-10-01,661,0,0,0
CIPROLAC,2024-11-01,925,0,0,1
CIPROLAC,2024-12-01,888,0,0,1
CIPROLAC,2025-01-01,642,0,0,0
CIPROLAC,2025-02-01,629,0,0,0
CIPROLAC,2025-03-01,918,0,0,1
CIPROLAC,2025-04-01,937,0,0,1
CIPROLAC,2025-05-01,675,0,0,0
CIPROLAC,2025-06-01,643,0,0,0
CIPROLAC,2025-07-01,668,0,0,0
CIPROLAC,2025-08-01,781,1,0,0
CIPROLAC,2025-09-01,727,0,0,0
CIPROLAC,2025-10-01,670,0,0,0
CIPROLAC,2025-11-01,950,1,0,1
CIPROLAC,2025-12-01,906,0,0,1
SUPERHION-5L,2008-01-01,679,0,0,1
SUPERHION-5L,2008-02-01,600,1,0,0
SUPERHION-5L,2008-03-01,548,0,1,0
SUPERHION-5L,2008-04-01,527,0,0,0
SUPERHION-5L,2008-05-01,534,0,0,0
SUPERHION-5L,2008-06-01,494,0,0,0
SUPERHION-5L,2008-07-01,574,0,1,0
SUPERHION-5L,2008-08-01,486,0,0,0
SUPERHION-5L,2008-09-01,665,0,1,0
SUPERHION-5L,2008-10-01,761,1,0,1
SUPERHION-5L,2008-11-01,838,0,1,1
SUPERHION-5L,2008-12-01,710,0,0,1
SUPERHION-5L,2009-01-01,733,0,0,1
SUPERHION-5L,2009-02-01,523,0,0,0
SUPERHION-5L,2009-03-01,648,1,0,0
SUPERHION-5L,2009-04-01,602,0,1,0
SUPERHION-5L,2009-05-01,506,0,0,0
SUPERHION-5L,2009-06-01,457,0,0,0
SUPERHION-5L,2009-07-01,683,1,1,0
SUPERHION-5L,2009-08-01,445,0,0,0
SUPERHION-5L,2009-09-01,500,0,0,0
SUPERHION-5L,2009-10-01,735,0,0,1
SUPERHION-5L,2009-11-01,725,0,0,1
SUPERHION-5L,2009-12-01,779,0,0,1
SUPERHION-5L,2010-01-01,793,1,0,1
SUPERHION-5L,2010-02-01,543,0,0,0
SUPERHION-5L,2010-03-01,586,1,0,0
SUPERHION-5L,2010-04-01,549,0,0,0
SUPERHION-5L,2010-05-01,430,0,0,0
SUPERHION-5L,2010-06-01,517,0,0,0
SUPERHION-5L,2010-07-01,594,0,0,0
SUPERHION-5L,2010-08-01,546,0,0,0
SUPERHION-5L,2010-09-01,418,0,0,0
SUPERHION-5L,2010-10-01,723,0,0,1
SUPERHION-5L,2010-11-01,771,0,0,1
SUPERHION-5L,2010-12-01,847,1,0,1
SUPERHION-5L,2011-01-01,692,0,0,1
SUPERHION-5L,2011-02-01,542,0,0,0
SUPERHION-5L,2011-03-01,517,0,0,0
SUPERHION-5L,2011-04-01,525,0,0,0
SUPERHION-5L,2011-05-01,541,0,0,0
SUPERHION-5L,2011-06-01,507,0,0,0
SUPERHION-5L,2011-07-01,453,0,0,0
SUPERHION-5L,2011-08-01,510,0,0,0
SUPERHION-5L,2011-09-01,562,0,0,0
SUPERHION-5L,2011-10-01,726,0,0,1
SUPERHION-5L,2011-11-01,883,1,0,1
SUPERHION-5L,2011-12-01,696,0,0,1
SUPERHION-5L,2012-01-01,747,0,0,1
SUPERHION-5L,2012-02-01,513,0,0,0
SUPERHION-5L,2012-03-01,569,0,1,0
SUPERHION-5L,2012-04-01,518,0,0,0
SUPERHION-5L,2012-05-01,563,0,0,0
SUPERHION-5L,2012-06-01,686,1,0,0
SUPERHION-5L,2012-07-01,472,0,0,0
SUPERHION-5L,2012-08-01,531,0,0,0
SUPERHION-5L,2012-09-01,552,0,0,0
SUPERHION-5L,2012-10-01,879,0,1,1
SUPERHION-5L,2012-11-01,765,0,0,1
SUPERHION-5L,2012-12-01,751,0,0,1
SUPERHION-5L,2013-01-01,879,1,0,1
SUPERHION-5L,2013-02-01,600,0,1,0
SUPERHION-5L,2013-03-01,570,0,0,0
SUPERHION-5L,2013-04-01,604,0,0,0
SUPERHION-5L,2013-05-01,596,0,0,0
SUPERHION-5L,2013-06-01,632,0,0,0
SUPERHION-5L,2013-07-01,606,1,0,0
SUPERHION-5L,2013-08-01,548,0,0,0
SUPERHION-5L,2013-09-01,527,0,0,0
SUPERHION-5L,2013-10-01,729,0,0,1
SUPERHION-5L,2013-11-01,820,0,0,1
SUPERHION-5L,2013-12-01,784,0,0,1
SUPERHION-5L,2014-01-01,730,0,0,1
SUPERHION-5L,2014-02-01,539,0,0,0
SUPERHION-5L,2014-03-01,562,0,0,0
SUPERHION-5L,2014-04-01,603,0,0,0
SUPERHION-5L,2014-05-01,620,0,0,0
SUPERHION-5L,2014-06-01,564,0,0,0
SUPERHION-5L,2014-07-01,645,1,0,0
SUPERHION-5L,2014-08-01,733,1,1,0
SUPERHION-5L,2014-09-01,605,0,0,0
SUPERHION-5L,2014-10-01,872,0,1,1
SUPERHION-5L,2014-11-01,761,0,0,1
SUPERHION-5L,2014-12-01,757,0,0,1
SUPERHION-5L,2015-01-01,920,1,0,1
SUPERHION-5L,2015-02-01,696,0,1,0
SUPERHION-5L,2015-03-01,627,0,0,0
SUPERHION-5L,2015-04-01,549,0,0,0
SUPERHION-5L,2015-05-01,567,0,0,0
SUPERHION-5L,2015-06-01,549,0,0,0
SUPERHION-5L,2015-07-01,691,1,0,0
SUPERHION-5L,2015-08-01,665,1,0,0
SUPERHION-5L,2015-09-01,590,0,0,0
SUPERHION-5L,2015-10-01,835,0,0,1
SUPERHION-5L,2015-11-01,688,0,0,1
SUPERHION-5L,2015-12-01,805,0,0,1
SUPERHION-5L,2016-01-01,792,0,0,1
SUPERHION-5L,2016-02-01,583,0,0,0
SUPERHION-5L,2016-03-01,682,0,1,0
SUPERHION-5L,2016-04-01,645,0,1,0
SUPERHION-5L,2016-05-01,608,0,0,0
SUPERHION-5L,2016-06-01,550,0,0,0
SUPERHION-5L,2016-07-01,589,0,0,0
SUPERHION-5L,2016-08-01,668,0,1,0
SUPERHION-5L,2016-09-01,657,1,0,0
SUPERHION-5L,2016-10-01,848,1,0,1
SUPERHION-5L,2016-11-01,786,0,0,1
SUPERHION-5L,2016-12-01,856,0,1,1
SUPERHION-5L,2017-01-01,913,1,0,1
SUPERHION-5L,2017-02-01,565,0,0,0
SUPERHION-5L,2017-03-01,621,0,0,0
SUPERHION-5L,2017-04-01,641,0,1,0
SUPERHION-5L,2017-05-01,705,1,0,0
SUPERHION-5L,2017-06-01,707,1,0,0
SUPERHION-5L,2017-07-01,681,1,0,0
SUPERHION-5L,2017-08-01,756,1,0,0
SUPERHION-5L,2017-09-01,555,0,0,0
SUPERHION-5L,2017-10-01,833,0,0,1
SUPERHION-5L,2017-11-01,786,0,0,1
SUPERHION-5L,2017-12-01,825,0,0,1
SUPERHION-5L,2018-01-01,775,0,0,1
SUPERHION-5L,2018-02-01,574,0,0,0
SUPERHION-5L,2018-03-01,565,0,0,0
SUPERHION-5L,2018-04-01,609,0,0,0
SUPERHION-5L,2018-05-01,517,0,0,0
SUPERHION-5L,2018-06-01,541,0,0,0
SUPERHION-5L,2018-07-01,566,0,0,0
SUPERHION-5L,2018-08-01,595,0,0,0
SUPERHION-5L,2018-09-01,602,0,0,0
SUPERHION-5L,2018-10-01,841,0,0,1
SUPERHION-5L,2018-11-01,824,0,0,1
SUPERHION-5L,2018-12-01,838,1,0,1
SUPERHION-5L,2019-01-01,853,0,0,1
SUPERHION-5L,2019-02-01,576,0,0,0
SUPERHION-5L,2019-03-01,616,0,0,0
SUPERHION-5L,2019-04-01,588,0,0,0
SUPERHION-5L,2019-05-01,622,0,0,0
SUPERHION-5L,2019-06-01,720,1,0,0
SUPERHION-5L,2019-07-01,645,0,0,0
SUPERHION-5L,2019-08-01,728,1,0,0
SUPERHION-5L,2019-09-01,603,0,0,0
SUPERHION-5L,2019-10-01,805,0,0,1
SUPERHION-5L,2019-11-01,954,1,0,1
SUPERHION-5L,2019-12-01,900,0,0,1
SUPERHION-5L,2020-01-01,837,0,0,1
SUPERHION-5L,2020-02-01,596,0,0,0
SUPERHION-5L,2020-03-01,697,1,0,0
SUPERHION-5L,2020-04-01,598,0,0,0
SUPERHION-5L,2020-05-01,730,1,0,0
SUPERHION-5L,2020-06-01,616,0,0,0
SUPERHION-5L,2020-07-01,598,0,0,0
SUPERHION-5L,2020-08-01,591,0,0,0
SUPERHION-5L,2020-09-01,715,1,0,0
SUPERHION-5L,2020-10-01,872,0,0,1
SUPERHION-5L,2020-11-01,883,0,0,1
SUPERHION-5L,2020-12-01,833,0,0,1
SUPERHION-5L,2021-01-01,956,1,0,1
SUPERHION-5L,2021-02-01,614,0,0,0
SUPERHION-5L,2021-03-01,630,0,0,0
SUPERHION-5L,2021-04-01,599,0,0,0
SUPERHION-5L,2021-05-01,648,0,0,0
SUPERHION-5L,2021-06-01,594,0,0,0
SUPERHION-5L,2021-07-01,623,0,0,0
SUPERHION-5L,2021-08-01,654,0,0,0
SUPERHION-5L,2021-09-01,682,0,0,0
SUPERHION-5L,2021-10-01,826,0,0,1
SUPERHION-5L,2021-11-01,1091,1,1,1
SUPERHION-5L,2021-12-01,943,1,0,1
SUPERHION-5L,2022-01-01,878,0,0,1
SUPERHION-5L,2022-02-01,638,0,0,0
SUPERHION-5L,2022-03-01,674,0,0,0
SUPERHION-5L,2022-04-01,729,1,0,0
SUPERHION-5L,2022-05-01,595,0,0,0
SUPERHION-5L,2022-06-01,740,1,0,0
SUPERHION-5L,2022-07-01,634,0,0,0
SUPERHION-5L,2022-08-01,564,0,0,0
SUPERHION-5L,2022-09-01,700,0,1,0
SUPERHION-5L,2022-10-01,877,0,0,1
SUPERHION-5L,2022-11-01,878,0,0,1
SUPERHION-5L,2022-12-01,858,0,0,1
SUPERHION-5L,2023-01-01,883,0,0,1
SUPERHION-5L,2023-02-01,745,1,0,0
SUPERHION-5L,2023-03-01,701,0,0,0
SUPERHION-5L,2023-04-01,636,0,0,0
SUPERHION-5L,2023-05-01,662,0,0,0
SUPERHION-5L,2023-06-01,657,0,0,0
SUPERHION-5L,2023-07-01,674,0,0,0
SUPERHION-5L,2023-08-01,678,0,0,0
SUPERHION-5L,2023-09-01,615,0,0,0
SUPERHION-5L,2023-10-01,971,1,0,1
SUPERHION-5L,2023-11-01,908,0,0,1
SUPERHION-5L,2023-12-01,1045,1,0,1
SUPERHION-5L,2024-01-01,858,0,0,1
SUPERHION-5L,2024-02-01,906,1,1,0
SUPERHION-5L,2024-03-01,588,0,0,0
SUPERHION-5L,2024-04-01,698,0,0,0
SUPERHION-5L,2024-05-01,709,1,0,0
SUPERHION-5L,2024-06-01,659,0,0,0
SUPERHION-5L,2024-07-01,749,1,0,0
SUPERHION-5L,2024-08-01,742,0,1,0
SUPERHION-5L,2024-09-01,648,0,0,0
SUPERHION-5L,2024-10-01,920,0,0,1
SUPERHION-5L,2024-11-01,1076,1,1,1
SUPERHION-5L,2024-12-01,831,0,0,1
SUPERHION-5L,2025-01-01,1068,1,0,1
SUPERHION-5L,2025-02-01,675,0,0,0
SUPERHION-5L,2025-03-01,777,0,1,0
SUPERHION-5L,2025-04-01,722,0,0,0
SUPERHION-5L,2025-05-01,607,0,0,0
SUPERHION-5L,2025-06-01,708,0,0,0
SUPERHION-5L,2025-07-01,642,0,0,0
SUPERHION-5L,2025-08-01,690,0,0,0
SUPERHION-5L,2025-09-01,639,0,0,0
SUPERHION-5L,2025-10-01,1085,1,1,1
SUPERHION-5L,2025-11-01,944,1,0,1
SUPERHION-5L,2025-12-01,889,0,0,1
IMPACTO-25,2008-01-01,940,1,1,0
IMPACTO-25,2008-02-01,721,0,0,0
IMPACTO-25,2008-03-01,947,1,0,0
IMPACTO-25,2008-04-01,1101,0,0,1
IMPACTO-25,2008-05-01,1087,0,0,1
IMPACTO-25,2008-06-01,943,1,0,0
IMPACTO-25,2008-07-01,779,0,1,0
IMPACTO-25,2008-08-01,748,0,0,0
IMPACTO-25,2008-09-01,1241,1,0,1
IMPACTO-25,2008-10-01,863,0,0,0
IMPACTO-25,2008-11-01,712,0,0,0
IMPACTO-25,2008-12-01,710,0,0,0
IMPACTO-25,2009-01-01,977,1,1,0
IMPACTO-25,2009-02-01,840,0,0,0
IMPACTO-25,2009-03-01,804,0,0,0
IMPACTO-25,2009-04-01,1152,0,0,1
IMPACTO-25,2009-05-01,1144,0,0,1
IMPACTO-25,2009-06-01,797,0,0,0
IMPACTO-25,2009-07-01,909,1,0,0
IMPACTO-25,2009-08-01,785,0,0,0
IMPACTO-25,2009-09-01,1185,0,0,1
IMPACTO-25,2009-10-01,812,0,0,0
IMPACTO-25,2009-11-01,822,0,0,0
IMPACTO-25,2009-12-01,710,0,0,0
IMPACTO-25,2010-01-01,784,0,0,0
IMPACTO-25,2010-02-01,692,0,0,0
IMPACTO-25,2010-03-01,909,1,0,0
IMPACTO-25,2010-04-01,1054,0,0,1
IMPACTO-25,2010-05-01,1209,1,0,1
IMPACTO-25,2010-06-01,745,0,0,0
IMPACTO-25,2010-07-01,937,1,1,0
IMPACTO-25,2010-08-01,882,1,0,0
IMPACTO-25,2010-09-01,1293,1,0,1
IMPACTO-25,2010-10-01,715,0,0,0
IMPACTO-25,2010-11-01,853,1,0,0
IMPACTO-25,2010-12-01,673,0,0,0
IMPACTO-25,2011-01-01,831,0,1,0
IMPACTO-25,2011-02-01,865,0,0,0
IMPACTO-25,2011-03-01,790,0,0,0
IMPACTO-25,2011-04-01,1182,0,0,1
IMPACTO-25,2011-05-01,1191,0,0,1
IMPACTO-25,2011-06-01,989,1,1,0
IMPACTO-25,2011-07-01,843,0,0,0
IMPACTO-25,2011-08-01,787,0,0,0
IMPACTO-25,2011-09-01,1242,1,0,1
IMPACTO-25,2011-10-01,822,0,0,0
IMPACTO-25,2011-11-01,811,0,0,0
IMPACTO-25,2011-12-01,782,0,0,0
IMPACTO-25,2012-01-01,799,0,0,0
IMPACTO-25,2012-02-01,942,1,0,0
IMPACTO-25,2012-03-01,742,0,0,0
IMPACTO-25,2012-04-01,1137,0,0,1
IMPACTO-25,2012-05-01,1369,1,0,1
IMPACTO-25,2012-06-01,794,0,0,0
IMPACTO-25,2012-07-01,815,0,0,0
IMPACTO-25,2012-08-01,777,0,0,0
IMPACTO-25,2012-09-01,1144,0,0,1
IMPACTO-25,2012-10-01,813,0,0,0
IMPACTO-25,2012-11-01,916,0,0,0
IMPACTO-25,2012-12-01,839,0,0,0
IMPACTO-25,2013-01-01,839,0,0,0
IMPACTO-25,2013-02-01,900,0,0,0
IMPACTO-25,2013-03-01,895,0,0,0
IMPACTO-25,2013-04-01,1373,1,0,1
IMPACTO-25,2013-05-01,1109,0,0,1
IMPACTO-25,2013-06-01,968,1,1,0
IMPACTO-25,2013-07-01,1033,1,0,0
IMPACTO-25,2013-08-01,798,0,0,0
IMPACTO-25,2013-09-01,1109,0,0,1
IMPACTO-25,2013-10-01,877,0,0,0
IMPACTO-25,2013-11-01,819,0,1,0
IMPACTO-25,2013-12-01,890,0,0,0
IMPACTO-25,2014-01-01,842,0,0,0
IMPACTO-25,2014-02-01,1040,1,0,0
IMPACTO-25,2014-03-01,811,0,0,0
IMPACTO-25,2014-04-01,1277,1,0,1
IMPACTO-25,2014-05-01,1331,0,1,1
IMPACTO-25,2014-06-01,935,1,0,0
IMPACTO-25,2014-07-01,988,1,0,0
IMPACTO-25,2014-08-01,830,0,0,0
IMPACTO-25,2014-09-01,1230,1,0,1
IMPACTO-25,2014-10-01,908,0,0,0
IMPACTO-25,2014-11-01,903,0,1,0
IMPACTO-25,2014-12-01,971,1,0,0
IMPACTO-25,2015-01-01,861,0,0,0
IMPACTO-25,2015-02-01,751,0,0,0
IMPACTO-25,2015-03-01,846,0,0,0
IMPACTO-25,2015-04-01,1198,0,0,1
IMPACTO-25,2015-05-01,1313,1,0,1
IMPACTO-25,2015-06-01,847,0,0,0
IMPACTO-25,2015-07-01,819,0,0,0
IMPACTO-25,2015-08-01,885,0,0,0
IMPACTO-25,2015-09-01,1226,1,0,1
IMPACTO-25,2015-10-01,874,0,0,0
IMPACTO-25,2015-11-01,801,0,0,0
IMPACTO-25,2015-12-01,969,0,1,0
IMPACTO-25,2016-01-01,968,0,0,0
IMPACTO-25,2016-02-01,863,0,0,0
IMPACTO-25,2016-03-01,1046,1,0,0
IMPACTO-25,2016-04-01,1257,0,0,1
IMPACTO-25,2016-05-01,1185,0,0,1
IMPACTO-25,2016-06-01,986,1,0,0
IMPACTO-25,2016-07-01,818,0,0,0
IMPACTO-25,2016-08-01,867,0,0,0
IMPACTO-25,2016-09-01,1199,0,0,1
IMPACTO-25,2016-10-01,895,0,0,0
IMPACTO-25,2016-11-01,1076,0,1,0
IMPACTO-25,2016-12-01,839,0,0,0
IMPACTO-25,2017-01-01,955,0,0,0
IMPACTO-25,2017-02-01,918,0,0,0
IMPACTO-25,2017-03-01,863,0,0,0
IMPACTO-25,2017-04-01,1213,0,0,1
IMPACTO-25,2017-05-01,1203,0,0,1
IMPACTO-25,2017-06-01,817,0,0,0
IMPACTO-25,2017-07-01,811,0,1,0
IMPACTO-25,2017-08-01,808,0,0,0
IMPACTO-25,2017-09-01,1204,0,0,1
IMPACTO-25,2017-10-01,1012,1,0,0
IMPACTO-25,2017-11-01,975,0,0,0
IMPACTO-25,2017-12-01,897,0,0,0
IMPACTO-25,2018-01-01,943,0,0,0
IMPACTO-25,2018-02-01,945,1,0,0
IMPACTO-25,2018-03-01,947,0,0,0
IMPACTO-25,2018-04-01,1323,1,0,1
IMPACTO-25,2018-05-01,1228,0,0,1
IMPACTO-25,2018-06-01,934,0,0,0
IMPACTO-25,2018-07-01,823,0,0,0
IMPACTO-25,2018-08-01,883,0,0,0
IMPACTO-25,2018-09-01,1236,0,0,1
IMPACTO-25,2018-10-01,1175,1,0,0
IMPACTO-25,2018-11-01,1090,1,0,0
IMPACTO-25,2018-12-01,912,0,0,0
IMPACTO-25,2019-01-01,969,0,0,0
IMPACTO-25,2019-02-01,868,0,0,0
IMPACTO-25,2019-03-01,896,0,0,0
IMPACTO-25,2019-04-01,1427,1,0,1
IMPACTO-25,2019-05-01,1330,0,0,1
IMPACTO-25,2019-06-01,987,0,0,0
IMPACTO-25,2019-07-01,871,0,0,0
IMPACTO-25,2019-08-01,1017,1,0,0
IMPACTO-25,2019-09-01,1270,0,0,1
IMPACTO-25,2019-10-01,1019,0,0,0
IMPACTO-25,2019-11-01,885,0,0,0
IMPACTO-25,2019-12-01,962,0,0,0
IMPACTO-25,2020-01-01,856,0,0,0
IMPACTO-25,2020-02-01,968,0,0,0
IMPACTO-25,2020-03-01,1095,1,0,0
IMPACTO-25,2020-04-01,1313,0,0,1
IMPACTO-25,2020-05-01,1279,0,0,1
IMPACTO-25,2020-06-01,794,0,0,0
IMPACTO-25,2020-07-01,933,0,0,0
IMPACTO-25,2020-08-01,878,0,0,0
IMPACTO-25,2020-09-01,1204,0,0,1
IMPACTO-25,2020-10-01,937,0,0,0
IMPACTO-25,2020-11-01,960,0,0,0
IMPACTO-25,2020-12-01,953,0,0,0
IMPACTO-25,2021-01-01,980,0,0,0
IMPACTO-25,2021-02-01,916,0,0,0
IMPACTO-25,2021-03-01,947,0,0,0
IMPACTO-25,2021-04-01,1321,0,0,1
IMPACTO-25,2021-05-01,1327,0,0,1
IMPACTO-25,2021-06-01,902,0,0,0
IMPACTO-25,2021-07-01,1042,1,0,0
IMPACTO-25,2021-08-01,1015,0,0,0
IMPACTO-25,2021-09-01,1253,0,0,1
IMPACTO-25,2021-10-01,1048,1,0,0
IMPACTO-25,2021-11-01,921,0,0,0
IMPACTO-25,2021-12-01,941,0,0,0
IMPACTO-25,2022-01-01,913,0,0,0
IMPACTO-25,2022-02-01,1109,1,0,0
IMPACTO-25,2022-03-01,1012,0,0,0
IMPACTO-25,2022-04-01,1266,0,0,1
IMPACTO-25,2022-05-01,1393,1,0,1
IMPACTO-25,2022-06-01,1051,0,0,0
IMPACTO-25,2022-07-01,903,0,0,0
IMPACTO-25,2022-08-01,934,0,0,0
IMPACTO-25,2022-09-01,1325,0,0,1
IMPACTO-25,2022-10-01,913,0,0,0
IMPACTO-25,2022-11-01,1124,1,1,0
IMPACTO-25,2022-12-01,931,0,0,0
IMPACTO-25,2023-01-01,978,0,0,0
IMPACTO-25,2023-02-01,913,0,0,0
IMPACTO-25,2023-03-01,1020,1,0,0
IMPACTO-25,2023-04-01,1527,1,1,1
IMPACTO-25,2023-05-01,1204,0,0,1
IMPACTO-25,2023-06-01,896,0,0,0
IMPACTO-25,2023-07-01,970,0,0,0
IMPACTO-25,2023-08-01,971,0,0,0
IMPACTO-25,2023-09-01,1472,1,0,1
IMPACTO-25,2023-10-01,907,0,0,0
IMPACTO-25,2023-11-01,968,0,0,0
IMPACTO-25,2023-12-01,1021,0,1,0
IMPACTO-25,2024-01-01,1155,1,0,0
IMPACTO-25,2024-02-01,1209,1,0,0
IMPACTO-25,2024-03-01,947,0,0,0
IMPACTO-25,2024-04-01,1351,0,0,1
IMPACTO-25,2024-05-01,1532,0,1,1
IMPACTO-25,2024-06-01,991,0,0,0
IMPACTO-25,2024-07-01,964,0,0,0
IMPACTO-25,2024-08-01,969,0,0,0
IMPACTO-25,2024-09-01,1296,0,0,1
IMPACTO-25,2024-10-01,1032,0,1,0
IMPACTO-25,2024-11-01,1037,0,0,0
IMPACTO-25,2024-12-01,1163,1,0,0
IMPACTO-25,2025-01-01,1175,1,0,0
IMPACTO-25,2025-02-01,976,0,0,0
IMPACTO-25,2025-03-01,997,0,0,0
IMPACTO-25,2025-04-01,1374,0,0,1
IMPACTO-25,2025-05-01,1377,0,0,1
IMPACTO-25,2025-06-01,1028,0,0,0
IMPACTO-25,2025-07-01,1015,0,0,0
IMPACTO-25,2025-08-01,1061,1,0,0
IMPACTO-25,2025-09-01,1330,0,0,1
IMPACTO-25,2025-10-01,977,0,0,0
IMPACTO-25,2025-11-01,985,0,0,0
IMPACTO-25,2025-12-01,1086,0,0,0
IMPACTO-100,2008-01-01,562,0,0,0
IMPACTO-100,2008-02-01,613,0,1,0
IMPACTO-100,2008-03-01,497,0,0,0
IMPACTO-100,2008-04-01,728,0,0,1
IMPACTO-100,2008-05-01,774,0,0,1
IMPACTO-100,2008-06-01,495,0,0,0
IMPACTO-100,2008-07-01,578,1,0,0
IMPACTO-100,2008-08-01,508,0,0,0
IMPACTO-100,2008-09-01,689,0,0,1
IMPACTO-100,2008-10-01,745,1,1,0
IMPACTO-100,2008-11-01,509,0,0,0
IMPACTO-100,2008-12-01,514,0,0,0
IMPACTO-100,2009-01-01,547,0,0,0
IMPACTO-100,2009-02-01,572,0,1,0
IMPACTO-100,2009-03-01,516,0,0,0
IMPACTO-100,2009-04-01,814,0,0,1
IMPACTO-100,2009-05-01,780,0,0,1
IMPACTO-100,2009-06-01,485,0,0,0
IMPACTO-100,2009-07-01,613,0,1,0
IMPACTO-100,2009-08-01,511,0,0,0
IMPACTO-100,2009-09-01,972,1,1,1
IMPACTO-100,2009-10-01,495,0,0,0
IMPACTO-100,2009-11-01,457,0,0,0
IMPACTO-100,2009-12-01,473,0,0,0
IMPACTO-100,2010-01-01,651,1,0,0
IMPACTO-100,2010-02-01,544,0,0,0
IMPACTO-100,2010-03-01,557,0,0,0
IMPACTO-100,2010-04-01,822,0,0,1
IMPACTO-100,2010-05-01,778,0,0,1
IMPACTO-100,2010-06-01,547,0,0,0
IMPACTO-100,2010-07-01,494,0,0,0
IMPACTO-100,2010-08-01,711,1,0,0
IMPACTO-100,2010-09-01,791,0,0,1
IMPACTO-100,2010-10-01,576,0,0,0
IMPACTO-100,2010-11-01,512,0,0,0
IMPACTO-100,2010-12-01,615,0,1,0
IMPACTO-100,2011-01-01,556,0,0,0
IMPACTO-100,2011-02-01,645,1,0,0
IMPACTO-100,2011-03-01,812,1,1,0
IMPACTO-100,2011-04-01,930,1,0,1
IMPACTO-100,2011-05-01,829,0,0,1
IMPACTO-100,2011-06-01,596,0,0,0
IMPACTO-100,2011-07-01,573,0,0,0
IMPACTO-100,2011-08-01,520,0,0,0
IMPACTO-100,2011-09-01,847,0,1,1
IMPACTO-100,2011-10-01,614,0,0,0
IMPACTO-100,2011-11-01,556,0,0,0
IMPACTO-100,2011-12-01,742,1,0,0
IMPACTO-100,2012-01-01,511,0,0,0
IMPACTO-100,2012-02-01,557,0,0,0
IMPACTO-100,2012-03-01,627,0,1,0
IMPACTO-100,2012-04-01,805,0,0,1
IMPACTO-100,2012-05-01,898,1,0,1
IMPACTO-100,2012-06-01,526,0,0,0
IMPACTO-100,2012-07-01,703,1,0,0
IMPACTO-100,2012-08-01,591,0,0,0
IMPACTO-100,2012-09-01,805,0,0,1
IMPACTO-100,2012-10-01,552,0,0,0
IMPACTO-100,2012-11-01,653,1,0,0
IMPACTO-100,2012-12-01,510,0,0,0
IMPACTO-100,2013-01-01,700,1,0,0
IMPACTO-100,2013-02-01,568,0,0,0
IMPACTO-100,2013-03-01,667,0,1,0
IMPACTO-100,2013-04-01,735,0,0,1
IMPACTO-100,2013-05-01,788,0,0,1
IMPACTO-100,2013-06-01,706,0,1,0
IMPACTO-100,2013-07-01,544,0,0,0
IMPACTO-100,2013-08-01,521,0,0,0
IMPACTO-100,2013-09-01,943,1,0,1
IMPACTO-100,2013-10-01,593,0,0,0
IMPACTO-100,2013-11-01,691,0,1,0
IMPACTO-100,2013-12-01,527,0,0,0
IMPACTO-100,2014-01-01,538,0,0,0
IMPACTO-100,2014-02-01,544,0,0,0
IMPACTO-100,2014-03-01,524,0,0,0
IMPACTO-100,2014-04-01,913,1,0,1
IMPACTO-100,2014-05-01,803,0,1,1
IMPACTO-100,2014-06-01,589,0,0,0
IMPACTO-100,2014-07-01,692,1,0,0
IMPACTO-100,2014-08-01,739,1,0,0
IMPACTO-100,2014-09-01,802,0,0,1
IMPACTO-100,2014-10-01,533,0,0,0
IMPACTO-100,2014-11-01,561,0,0,0
IMPACTO-100,2014-12-01,605,0,0,0
IMPACTO-100,2015-01-01,600,0,0,0
IMPACTO-100,2015-02-01,586,0,0,0
IMPACTO-100,2015-03-01,830,1,1,0
IMPACTO-100,2015-04-01,856,0,0,1
IMPACTO-100,2015-05-01,723,0,0,1
IMPACTO-100,2015-06-01,561,0,0,0
IMPACTO-100,2015-07-01,570,0,0,0
IMPACTO-100,2015-08-01,574,0,0,0
IMPACTO-100,2015-09-01,787,0,0,1
IMPACTO-100,2015-10-01,554,0,0,0
IMPACTO-100,2015-11-01,578,0,0,0
IMPACTO-100,2015-12-01,543,0,0,0
IMPACTO-100,2016-01-01,761,1,1,0
IMPACTO-100,2016-02-01,555,0,0,0
IMPACTO-100,2016-03-01,583,0,0,0
IMPACTO-100,2016-04-01,777,0,0,1
IMPACTO-100,2016-05-01,859,0,0,1
IMPACTO-100,2016-06-01,603,0,0,0
IMPACTO-100,2016-07-01,598,0,0,0
IMPACTO-100,2016-08-01,592,0,0,0
IMPACTO-100,2016-09-01,888,0,0,1
IMPACTO-100,2016-10-01,715,1,0,0
IMPACTO-100,2016-11-01,609,0,0,0
IMPACTO-100,2016-12-01,534,0,0,0
IMPACTO-100,2017-01-01,621,0,0,0
IMPACTO-100,2017-02-01,635,0,0,0
IMPACTO-100,2017-03-01,542,0,0,0
IMPACTO-100,2017-04-01,944,1,0,1
IMPACTO-100,2017-05-01,880,0,0,1
IMPACTO-100,2017-06-01,629,0,0,0
IMPACTO-100,2017-07-01,562,0,0,0
IMPACTO-100,2017-08-01,598,0,0,0
IMPACTO-100,2017-09-01,922,1,0,1
IMPACTO-100,2017-10-01,698,1,0,0
IMPACTO-100,2017-11-01,575,0,0,0
IMPACTO-100,2017-12-01,654,0,0,0
IMPACTO-100,2018-01-01,602,0,0,0
IMPACTO-100,2018-02-01,659,0,0,0
IMPACTO-100,2018-03-01,618,0,0,0
IMPACTO-100,2018-04-01,1084,1,1,1
IMPACTO-100,2018-05-01,804,0,0,1
IMPACTO-100,2018-06-01,565,0,0,0
IMPACTO-100,2018-07-01,576,0,0,0
IMPACTO-100,2018-08-01,608,0,0,0
IMPACTO-100,2018-09-01,908,1,0,1
IMPACTO-100,2018-10-01,622,0,0,0
IMPACTO-100,2018-11-01,589,0,0,0
IMPACTO-100,2018-12-01,615,0,0,0
IMPACTO-100,2019-01-01,599,0,0,0
IMPACTO-100,2019-02-01,700,0,0,0
IMPACTO-100,2019-03-01,684,0,0,0
IMPACTO-100,2019-04-01,850,0,0,1
IMPACTO-100,2019-05-01,954,1,0,1
IMPACTO-100,2019-06-01,709,1,0,0
IMPACTO-100,2019-07-01,724,1,0,0
IMPACTO-100,2019-08-01,613,0,0,0
IMPACTO-100,2019-09-01,947,1,0,1
IMPACTO-100,2019-10-01,730,1,0,0
IMPACTO-100,2019-11-01,619,0,0,0
IMPACTO-100,2019-12-01,665,0,0,0
IMPACTO-100,2020-01-01,630,0,0,0
IMPACTO-100,2020-02-01,631,0,0,0
IMPACTO-100,2020-03-01,639,0,0,0
IMPACTO-100,2020-04-01,925,0,0,1
IMPACTO-100,2020-05-01,857,0,0,1
IMPACTO-100,2020-06-01,659,0,0,0
IMPACTO-100,2020-07-01,693,0,0,0
IMPACTO-100,2020-08-01,824,1,0,0
IMPACTO-100,2020-09-01,930,0,0,1
IMPACTO-100,2020-10-01,865,1,1,0
IMPACTO-100,2020-11-01,701,0,0,0
IMPACTO-100,2020-12-01,631,0,0,0
IMPACTO-100,2021-01-01,644,0,0,0
IMPACTO-100,2021-02-01,753,0,0,0
IMPACTO-100,2021-03-01,642,0,0,0
IMPACTO-100,2021-04-01,977,1,0,1
IMPACTO-100,2021-05-01,881,0,0,1
IMPACTO-100,2021-06-01,638,0,0,0
IMPACTO-100,2021-07-01,667,0,0,0
IMPACTO-100,2021-08-01,688,0,0,0
IMPACTO-100,2021-09-01,988,1,0,1
IMPACTO-100,2021-10-01,756,1,0,0
IMPACTO-100,2021-11-01,745,1,0,0
IMPACTO-100,2021-12-01,702,0,0,0
IMPACTO-100,2022-01-01,652,0,0,0
IMPACTO-100,2022-02-01,658,0,0,0
IMPACTO-100,2022-03-01,775,1,0,0
IMPACTO-100,2022-04-01,900,0,0,1
IMPACTO-100,2022-05-01,1022,1,0,1
IMPACTO-100,2022-06-01,623,0,0,0
IMPACTO-100,2022-07-01,774,0,1,0
IMPACTO-100,2022-08-01,792,0,1,0
IMPACTO-100,2022-09-01,885,0,0,1
IMPACTO-100,2022-10-01,683,0,0,0
IMPACTO-100,2022-11-01,658,0,0,0
IMPACTO-100,2022-12-01,650,0,0,0
IMPACTO-100,2023-01-01,610,0,0,0
IMPACTO-100,2023-02-01,702,0,0,0
IMPACTO-100,2023-03-01,709,0,1,0
IMPACTO-100,2023-04-01,950,0,0,1
IMPACTO-100,2023-05-01,966,0,0,1
IMPACTO-100,2023-06-01,652,0,0,0
IMPACTO-100,2023-07-01,803,1,0,0
IMPACTO-100,2023-08-01,672,0,0,0
IMPACTO-100,2023-09-01,1023,0,1,1
IMPACTO-100,2023-10-01,700,0,0,0
IMPACTO-100,2023-11-01,689,0,0,0
IMPACTO-100,2023-12-01,711,0,0,0
IMPACTO-100,2024-01-01,753,1,0,0
IMPACTO-100,2024-02-01,685,0,0,0
IMPACTO-100,2024-03-01,680,0,0,0
IMPACTO-100,2024-04-01,868,0,0,1
IMPACTO-100,2024-05-01,1067,1,0,1
IMPACTO-100,2024-06-01,788,0,1,0
IMPACTO-100,2024-07-01,715,0,0,0
IMPACTO-100,2024-08-01,697,0,0,0
IMPACTO-100,2024-09-01,1055,1,0,1
IMPACTO-100,2024-10-01,793,1,0,0
IMPACTO-100,2024-11-01,729,0,0,0
IMPACTO-100,2024-12-01,673,0,0,0
IMPACTO-100,2025-01-01,682,0,1,0
IMPACTO-100,2025-02-01,713,0,0,0
IMPACTO-100,2025-03-01,808,1,0,0
IMPACTO-100,2025-04-01,933,0,0,1
IMPACTO-100,2025-05-01,944,0,0,1
IMPACTO-100,2025-06-01,795,1,1,0
IMPACTO-100,2025-07-01,716,0,0,0
IMPACTO-100,2025-08-01,767,0,0,0
IMPACTO-100,2025-09-01,910,0,0,1
IMPACTO-100,2025-10-01,702,0,0,0
IMPACTO-100,2025-11-01,704,0,0,0
IMPACTO-100,2025-12-01,749,0,0,0
DOXIFIN,2008-01-01,410,0,0,0
DOXIFIN,2008-02-01,759,0,1,1
DOXIFIN,2008-03-01,620,0,0,1
DOXIFIN,2008-04-01,600,0,0,1
DOXIFIN,2008-05-01,401,0,0,0
DOXIFIN,2008-06-01,383,0,0,0
DOXIFIN,2008-07-01,529,0,1,0
DOXIFIN,2008-08-01,423,0,0,0
DOXIFIN,2008-09-01,500,1,0,0
DOXIFIN,2008-10-01,441,0,0,0
DOXIFIN,2008-11-01,456,0,0,0
DOXIFIN,2008-12-01,439,0,0,0
DOXIFIN,2009-01-01,416,0,0,0
DOXIFIN,2009-02-01,647,0,1,1
DOXIFIN,2009-03-01,633,1,0,1
DOXIFIN,2009-04-01,702,1,0,1
DOXIFIN,2009-05-01,550,1,0,0
DOXIFIN,2009-06-01,373,0,0,0
DOXIFIN,2009-07-01,461,0,0,0
DOXIFIN,2009-08-01,454,0,0,0
DOXIFIN,2009-09-01,544,0,1,0
DOXIFIN,2009-10-01,446,0,0,0
DOXIFIN,2009-11-01,476,1,0,0
DOXIFIN,2009-12-01,410,0,0,0
DOXIFIN,2010-01-01,413,0,0,0
DOXIFIN,2010-02-01,621,0,0,1
DOXIFIN,2010-03-01,663,0,0,1
DOXIFIN,2010-04-01,586,0,0,1
DOXIFIN,2010-05-01,406,0,0,0
DOXIFIN,2010-06-01,447,0,0,0
DOXIFIN,2010-07-01,476,0,1,0
DOXIFIN,2010-08-01,471,0,0,0
DOXIFIN,2010-09-01,436,0,0,0
DOXIFIN,2010-10-01,450,0,0,0
DOXIFIN,2010-11-01,520,1,0,0
DOXIFIN,2010-12-01,387,0,0,0
DOXIFIN,2011-01-01,511,0,1,0
DOXIFIN,2011-02-01,662,0,0,1
DOXIFIN,2011-03-01,625,0,0,1
DOXIFIN,2011-04-01,646,0,0,1
DOXIFIN,2011-05-01,412,0,0,0
DOXIFIN,2011-06-01,483,0,0,0
DOXIFIN,2011-07-01,432,0,0,0
DOXIFIN,2011-08-01,470,0,0,0
DOXIFIN,2011-09-01,445,0,0,0
DOXIFIN,2011-10-01,457,0,0,0
DOXIFIN,2011-11-01,541,0,1,0
DOXIFIN,2011-12-01,450,0,0,0
DOXIFIN,2012-01-01,362,0,0,0
DOXIFIN,2012-02-01,616,0,0,1
DOXIFIN,2012-03-01,725,1,0,1
DOXIFIN,2012-04-01,614,0,0,1
DOXIFIN,2012-05-01,416,0,0,0
DOXIFIN,2012-06-01,476,0,0,0
DOXIFIN,2012-07-01,447,0,0,0
DOXIFIN,2012-08-01,538,1,0,0
DOXIFIN,2012-09-01,464,0,0,0
DOXIFIN,2012-10-01,430,0,0,0
DOXIFIN,2012-11-01,479,0,0,0
DOXIFIN,2012-12-01,408,0,0,0
DOXIFIN,2013-01-01,427,0,0,0
DOXIFIN,2013-02-01,654,0,0,1
DOXIFIN,2013-03-01,666,0,0,1
DOXIFIN,2013-04-01,661,0,0,1
DOXIFIN,2013-05-01,453,0,0,0
DOXIFIN,2013-06-01,447,0,0,0
DOXIFIN,2013-07-01,586,1,1,0
DOXIFIN,2013-08-01,465,0,0,0
DOXIFIN,2013-09-01,557,0,1,0
DOXIFIN,2013-10-01,421,0,0,0
DOXIFIN,2013-11-01,568,1,0,0
DOXIFIN,2013-12-01,464,0,0,0
DOXIFIN,2014-01-01,500,0,0,0
DOXIFIN,2014-02-01,681,0,0,1
DOXIFIN,2014-03-01,689,0,0,1
DOXIFIN,2014-04-01,699,1,0,1
DOXIFIN,2014-05-01,490,0,0,0
DOXIFIN,2014-06-01,563,1,0,0
DOXIFIN,2014-07-01,444,0,0,0
DOXIFIN,2014-08-01,453,0,0,0
DOXIFIN,2014-09-01,489,0,0,0
DOXIFIN,2014-10-01,499,0,0,0
DOXIFIN,2014-11-01,591,0,1,0
DOXIFIN,2014-12-01,391,0,0,0
DOXIFIN,2015-01-01,491,0,0,0
DOXIFIN,2015-02-01,689,0,0,1
DOXIFIN,2015-03-01,809,1,0,1
DOXIFIN,2015-04-01,599,0,0,1
DOXIFIN,2015-05-01,561,1,0,0
DOXIFIN,2015-06-01,575,1,0,0
DOXIFIN,2015-07-01,458,0,0,0
DOXIFIN,2015-08-01,469,0,0,0
DOXIFIN,2015-09-01,565,1,0,0
DOXIFIN,2015-10-01,505,0,1,0
DOXIFIN,2015-11-01,509,0,0,0
DOXIFIN,2015-12-01,612,1,1,0
DOXIFIN,2016-01-01,561,1,0,0
DOXIFIN,2016-02-01,810,1,0,1
DOXIFIN,2016-03-01,669,0,0,1
DOXIFIN,2016-04-01,809,1,1,1
DOXIFIN,2016-05-01,500,0,0,0
DOXIFIN,2016-06-01,435,0,0,0
DOXIFIN,2016-07-01,462,0,0,0
DOXIFIN,2016-08-01,496,0,0,0
DOXIFIN,2016-09-01,521,0,0,0
DOXIFIN,2016-10-01,594,1,0,0
DOXIFIN,2016-11-01,497,0,0,0
DOXIFIN,2016-12-01,496,0,0,0
DOXIFIN,2017-01-01,516,0,0,0
DOXIFIN,2017-02-01,772,1,0,1
DOXIFIN,2017-03-01,712,0,0,1
DOXIFIN,2017-04-01,677,0,0,1
DOXIFIN,2017-05-01,498,0,0,0
DOXIFIN,2017-06-01,416,0,0,0
DOXIFIN,2017-07-01,584,0,1,0
DOXIFIN,2017-08-01,536,0,1,0
DOXIFIN,2017-09-01,482,0,0,0
DOXIFIN,2017-10-01,637,1,1,0
DOXIFIN,2017-11-01,456,0,0,0
DOXIFIN,2017-12-01,496,0,0,0
DOXIFIN,2018-01-01,546,0,0,0
DOXIFIN,2018-02-01,686,0,0,1
DOXIFIN,2018-03-01,733,0,0,1
DOXIFIN,2018-04-01,836,1,1,1
DOXIFIN,2018-05-01,559,0,0,0
DOXIFIN,2018-06-01,609,1,0,0
DOXIFIN,2018-07-01,598,0,1,0
DOXIFIN,2018-08-01,516,0,0,0
DOXIFIN,2018-09-01,474,0,0,0
DOXIFIN,2018-10-01,480,0,0,0
DOXIFIN,2018-11-01,501,0,0,0
DOXIFIN,2018-12-01,498,0,0,0
DOXIFIN,2019-01-01,455,0,0,0
DOXIFIN,2019-02-01,794,1,0,1
DOXIFIN,2019-03-01,710,0,0,1
DOXIFIN,2019-04-01,702,0,0,1
DOXIFIN,2019-05-01,517,0,0,0
DOXIFIN,2019-06-01,504,0,1,0
DOXIFIN,2019-07-01,443,0,0,0
DOXIFIN,2019-08-01,557,0,0,0
DOXIFIN,2019-09-01,653,1,0,0
DOXIFIN,2019-10-01,585,1,0,0
DOXIFIN,2019-11-01,577,1,0,0
DOXIFIN,2019-12-01,581,1,0,0
DOXIFIN,2020-01-01,516,0,0,0
DOXIFIN,2020-02-01,708,0,0,1
DOXIFIN,2020-03-01,750,0,0,1
DOXIFIN,2020-04-01,698,0,0,1
DOXIFIN,2020-05-01,501,0,0,0
DOXIFIN,2020-06-01,501,0,0,0
DOXIFIN,2020-07-01,481,0,0,0
DOXIFIN,2020-08-01,611,0,1,0
DOXIFIN,2020-09-01,551,0,1,0
DOXIFIN,2020-10-01,539,0,0,0
DOXIFIN,2020-11-01,523,0,0,0
DOXIFIN,2020-12-01,517,0,0,0
DOXIFIN,2021-01-01,522,0,0,0
DOXIFIN,2021-02-01,733,0,0,1
DOXIFIN,2021-03-01,713,0,0,1
DOXIFIN,2021-04-01,790,1,0,1
DOXIFIN,2021-05-01,503,0,0,0
DOXIFIN,2021-06-01,498,0,0,0
DOXIFIN,2021-07-01,538,0,0,0
DOXIFIN,2021-08-01,614,0,1,0
DOXIFIN,2021-09-01,540,0,0,0
DOXIFIN,2021-10-01,530,0,0,0
DOXIFIN,2021-11-01,552,0,0,0
DOXIFIN,2021-12-01,530,0,0,0
DOXIFIN,2022-01-01,527,0,0,0
DOXIFIN,2022-02-01,692,0,0,1
DOXIFIN,2022-03-01,721,0,0,1
DOXIFIN,2022-04-01,824,1,0,1
DOXIFIN,2022-05-01,588,1,0,0
DOXIFIN,2022-06-01,589,0,0,0
DOXIFIN,2022-07-01,536,0,0,0
DOXIFIN,2022-08-01,600,1,0,0
DOXIFIN,2022-09-01,547,0,0,0
DOXIFIN,2022-10-01,491,0,0,0
DOXIFIN,2022-11-01,572,0,0,0
DOXIFIN,2022-12-01,602,0,0,0
DOXIFIN,2023-01-01,537,0,0,0
DOXIFIN,2023-02-01,817,1,0,1
DOXIFIN,2023-03-01,694,0,0,1
DOXIFIN,2023-04-01,815,1,0,1
DOXIFIN,2023-05-01,563,0,0,0
DOXIFIN,2023-06-01,526,0,0,0
DOXIFIN,2023-07-01,575,0,0,0
DOXIFIN,2023-08-01,606,0,1,0
DOXIFIN,2023-09-01,627,0,0,0
DOXIFIN,2023-10-01,580,0,0,0
DOXIFIN,2023-11-01,564,0,0,0
DOXIFIN,2023-12-01,553,0,0,0
DOXIFIN,2024-01-01,555,0,0,0
DOXIFIN,2024-02-01,762,0,0,1
DOXIFIN,2024-03-01,906,1,1,1
DOXIFIN,2024-04-01,810,1,0,1
DOXIFIN,2024-05-01,563,0,0,0
DOXIFIN,2024-06-01,503,0,0,0
DOXIFIN,2024-07-01,611,1,0,0
DOXIFIN,2024-08-01,534,0,0,0
DOXIFIN,2024-09-01,534,0,0,0
DOXIFIN,2024-10-01,646,1,0,0
DOXIFIN,2024-11-01,593,0,1,0
DOXIFIN,2024-12-01,496,0,0,0
DOXIFIN,2025-01-01,624,0,1,0
DOXIFIN,2025-02-01,752,0,0,1
DOXIFIN,2025-03-01,859,1,0,1
DOXIFIN,2025-04-01,784,0,0,1
DOXIFIN,2025-05-01,570,0,0,0
DOXIFIN,2025-06-01,592,0,0,0
DOXIFIN,2025-07-01,670,0,1,0
DOXIFIN,2025-08-01,659,1,0,0
DOXIFIN,2025-09-01,562,0,0,0
DOXIFIN,2025-10-01,646,1,0,0
DOXIFIN,2025-11-01,562,0,0,0
DOXIFIN,2025-12-01,579,0,0,0
OUROVAC-AFT,2008-01-01,2331,0,0,1
OUROVAC-AFT,2008-02-01,2195,0,0,1
OUROVAC-AFT,2008-03-01,1956,0,1,0
OUROVAC-AFT,2008-04-01,1750,0,1,0
OUROVAC-AFT,2008-05-01,1472,0,0,0
OUROVAC-AFT,2008-06-01,1745,1,0,0
OUROVAC-AFT,2008-07-01,1617,0,0,0
OUROVAC-AFT,2008-08-01,1641,1,0,0
OUROVAC-AFT,2008-09-01,1837,1,0,0
OUROVAC-AFT,2008-10-01,1856,1,0,0
OUROVAC-AFT,2008-11-01,1976,0,0,1
OUROVAC-AFT,2008-12-01,2333,0,0,1
OUROVAC-AFT,2009-01-01,2401,0,1,1
OUROVAC-AFT,2009-02-01,2192,0,0,1
OUROVAC-AFT,2009-03-01,1401,0,0,0
OUROVAC-AFT,2009-04-01,1395,0,0,0
OUROVAC-AFT,2009-05-01,1526,0,0,0
OUROVAC-AFT,2009-06-01,1481,0,0,0
OUROVAC-AFT,2009-07-01,1783,0,0,0
OUROVAC-AFT,2009-08-01,1435,0,0,0
OUROVAC-AFT,2009-09-01,2002,1,0,0
OUROVAC-AFT,2009-10-01,1855,1,0,0
OUROVAC-AFT,2009-11-01,2684,1,0,1
OUROVAC-AFT,2009-12-01,2235,0,0,1
OUROVAC-AFT,2010-01-01,2301,0,0,1
OUROVAC-AFT,2010-02-01,2269,0,0,1
OUROVAC-AFT,2010-03-01,1793,1,0,0
OUROVAC-AFT,2010-04-01,1788,0,1,0
OUROVAC-AFT,2010-05-01,1902,1,0,0
OUROVAC-AFT,2010-06-01,1658,0,0,0
OUROVAC-AFT,2010-07-01,1769,0,0,0
OUROVAC-AFT,2010-08-01,1684,0,0,0
OUROVAC-AFT,2010-09-01,1893,1,0,0
OUROVAC-AFT,2010-10-01,1355,0,0,0
OUROVAC-AFT,2010-11-01,2172,0,0,1
OUROVAC-AFT,2010-12-01,2540,1,0,1
OUROVAC-AFT,2011-01-01,2100,0,0,1
OUROVAC-AFT,2011-02-01,2578,1,0,1
OUROVAC-AFT,2011-03-01,1762,1,0,0
OUROVAC-AFT,2011-04-01,1474,0,0,0
OUROVAC-AFT,2011-05-01,1528,0,0,0
OUROVAC-AFT,2011-06-01,1418,0,0,0
OUROVAC-AFT,2011-07-01,1419,0,0,0
OUROVAC-AFT,2011-08-01,1626,0,0,0
OUROVAC-AFT,2011-09-01,1944,1,0,0
OUROVAC-AFT,2011-10-01,1506,0,0,0
OUROVAC-AFT,2011-11-01,2557,0,1,1
OUROVAC-AFT,2011-12-01,1940,0,0,1
OUROVAC-AFT,2012-01-01,2545,1,0,1
OUROVAC-AFT,2012-02-01,2770,1,1,1
OUROVAC-AFT,2012-03-01,2052,1,0,0
OUROVAC-AFT,2012-04-01,1729,0,1,0
OUROVAC-AFT,2012-05-01,1674,0,0,0
OUROVAC-AFT,2012-06-01,2120,1,1,0
OUROVAC-AFT,2012-07-01,1625,0,0,0
OUROVAC-AFT,2012-08-01,1649,0,0,0
OUROVAC-AFT,2012-09-01,1893,1,0,0
OUROVAC-AFT,2012-10-01,1625,0,0,0
OUROVAC-AFT,2012-11-01,2457,0,0,1
OUROVAC-AFT,2012-12-01,2075,0,0,1
OUROVAC-AFT,2013-01-01,2370,0,0,1
OUROVAC-AFT,2013-02-01,2238,0,0,1
OUROVAC-AFT,2013-03-01,1970,1,0,0
OUROVAC-AFT,2013-04-01,1558,0,0,0
OUROVAC-AFT,2013-05-01,1549,0,0,0
OUROVAC-AFT,2013-06-01,1699,0,0,0
OUROVAC-AFT,2013-07-01,1625,0,0,0
OUROVAC-AFT,2013-08-01,1613,0,0,0
OUROVAC-AFT,2013-09-01,1688,0,0,0
OUROVAC-AFT,2013-10-01,1951,1,0,0
OUROVAC-AFT,2013-11-01,2214,0,0,1
OUROVAC-AFT,2013-12-01,2560,1,0,1
OUROVAC-AFT,2014-01-01,2412,0,0,1
OUROVAC-AFT,2014-02-01,2255,0,0,1
OUROVAC-AFT,2014-03-01,1701,0,0,0
OUROVAC-AFT,2014-04-01,1664,0,0,0
OUROVAC-AFT,2014-05-01,1865,1,0,0
OUROVAC-AFT,2014-06-01,1989,1,0,0
OUROVAC-AFT,2014-07-01,1734,0,0,0
OUROVAC-AFT,2014-08-01,1557,0,0,0
OUROVAC-AFT,2014-09-01,1589,0,0,0
OUROVAC-AFT,2014-10-01,1635,0,0,0
OUROVAC-AFT,2014-11-01,2258,0,0,1
OUROVAC-AFT,2014-12-01,2442,0,1,1
OUROVAC-AFT,2015-01-01,2386,0,0,1
OUROVAC-AFT,2015-02-01,2387,0,0,1
OUROVAC-AFT,2015-03-01,1626,0,0,0
OUROVAC-AFT,2015-04-01,1557,0,0,0
OUROVAC-AFT,2015-05-01,1653,0,0,0
OUROVAC-AFT,2015-06-01,1670,0,0,0
OUROVAC-AFT,2015-07-01,1588,0,0,0
OUROVAC-AFT,2015-08-01,1747,0,0,0
OUROVAC-AFT,2015-09-01,2033,1,0,0
OUROVAC-AFT,2015-10-01,2170,1,0,0
OUROVAC-AFT,2015-11-01,2693,0,1,1
OUROVAC-AFT,2015-12-01,2395,0,0,1
OUROVAC-AFT,2016-01-01,2763,1,0,1
OUROVAC-AFT,2016-02-01,2689,1,0,1
OUROVAC-AFT,2016-03-01,1883,1,0,0
OUROVAC-AFT,2016-04-01,1755,0,0,0
OUROVAC-AFT,2016-05-01,1729,0,0,0
OUROVAC-AFT,2016-06-01,1729,0,0,0
OUROVAC-AFT,2016-07-01,1581,0,0,0
OUROVAC-AFT,2016-08-01,1569,0,0,0
OUROVAC-AFT,2016-09-01,2034,1,0,0
OUROVAC-AFT,2016-10-01,1812,0,0,0
OUROVAC-AFT,2016-11-01,2428,0,0,1
OUROVAC-AFT,2016-12-01,2406,0,0,1
OUROVAC-AFT,2017-01-01,2334,0,0,1
OUROVAC-AFT,2017-02-01,2259,0,0,1
OUROVAC-AFT,2017-03-01,2037,1,0,0
OUROVAC-AFT,2017-04-01,1749,0,0,0
OUROVAC-AFT,2017-05-01,2032,0,1,0
OUROVAC-AFT,2017-06-01,1731,0,0,0
OUROVAC-AFT,2017-07-01,1674,0,0,0
OUROVAC-AFT,2017-08-01,1799,0,0,0
OUROVAC-AFT,2017-09-01,1724,0,0,0
OUROVAC-AFT,2017-10-01,1782,0,0,0
OUROVAC-AFT,2017-11-01,2694,1,0,1
OUROVAC-AFT,2017-12-01,2441,0,0,1
OUROVAC-AFT,2018-01-01,2544,0,0,1
OUROVAC-AFT,2018-02-01,2813,1,0,1
OUROVAC-AFT,2018-03-01,1861,0,0,0
OUROVAC-AFT,2018-04-01,1963,0,0,0
OUROVAC-AFT,2018-05-01,2178,1,0,0
OUROVAC-AFT,2018-06-01,2042,0,1,0
OUROVAC-AFT,2018-07-01,1467,0,0,0
OUROVAC-AFT,2018-08-01,2016,1,0,0
OUROVAC-AFT,2018-09-01,1753,0,0,0
OUROVAC-AFT,2018-10-01,2026,0,1,0
OUROVAC-AFT,2018-11-01,2493,0,0,1
OUROVAC-AFT,2018-12-01,2502,0,0,1
OUROVAC-AFT,2019-01-01,2367,0,0,1
OUROVAC-AFT,2019-02-01,2783,0,1,1
OUROVAC-AFT,2019-03-01,2205,1,0,0
OUROVAC-AFT,2019-04-01,2178,1,0,0
OUROVAC-AFT,2019-05-01,1941,0,1,0
OUROVAC-AFT,2019-06-01,1807,0,0,0
OUROVAC-AFT,2019-07-01,1724,0,0,0
OUROVAC-AFT,2019-08-01,2233,1,0,0
OUROVAC-AFT,2019-09-01,1775,0,0,0
OUROVAC-AFT,2019-10-01,1936,0,0,0
OUROVAC-AFT,2019-11-01,2635,0,1,1
OUROVAC-AFT,2019-12-01,2653,0,0,1
OUROVAC-AFT,2020-01-01,2652,0,0,1
OUROVAC-AFT,2020-02-01,2711,0,0,1
OUROVAC-AFT,2020-03-01,1725,0,0,0
OUROVAC-AFT,2020-04-01,2069,1,0,0
OUROVAC-AFT,2020-05-01,1807,0,0,0
OUROVAC-AFT,2020-06-01,1936,0,0,0
OUROVAC-AFT,2020-07-01,1975,0,0,0
OUROVAC-AFT,2020-08-01,2322,1,0,0
OUROVAC-AFT,2020-09-01,2043,0,0,0
OUROVAC-AFT,2020-10-01,1863,0,0,0
OUROVAC-AFT,2020-11-01,2572,0,0,1
OUROVAC-AFT,2020-12-01,2679,1,0,1
OUROVAC-AFT,2021-01-01,2863,1,0,1
OUROVAC-AFT,2021-02-01,2593,0,0,1
OUROVAC-AFT,2021-03-01,1842,0,0,0
OUROVAC-AFT,2021-04-01,1947,0,0,0
OUROVAC-AFT,2021-05-01,1850,0,0,0
OUROVAC-AFT,2021-06-01,2186,1,0,0
OUROVAC-AFT,2021-07-01,1900,0,0,0
OUROVAC-AFT,2021-08-01,2096,0,0,0
OUROVAC-AFT,2021-09-01,1837,0,0,0
OUROVAC-AFT,2021-10-01,1944,0,0,0
OUROVAC-AFT,2021-11-01,2909,1,0,1
OUROVAC-AFT,2021-12-01,2521,0,0,1
OUROVAC-AFT,2022-01-01,2996,1,0,1
OUROVAC-AFT,2022-02-01,2433,0,0,1
OUROVAC-AFT,2022-03-01,1982,0,0,0
OUROVAC-AFT,2022-04-01,2229,1,0,0
OUROVAC-AFT,2022-05-01,2239,1,0,0
OUROVAC-AFT,2022-06-01,1948,0,0,0
OUROVAC-AFT,2022-07-01,2009,0,0,0
OUROVAC-AFT,2022-08-01,2233,1,0,0
OUROVAC-AFT,2022-09-01,2088,0,1,0
OUROVAC-AFT,2022-10-01,1813,0,0,0
OUROVAC-AFT,2022-11-01,2989,1,0,1
OUROVAC-AFT,2022-12-01,2624,0,0,1
OUROVAC-AFT,2023-01-01,3080,1,0,1
OUROVAC-AFT,2023-02-01,2894,0,1,1
OUROVAC-AFT,2023-03-01,2173,0,0,0
OUROVAC-AFT,2023-04-01,1821,0,0,0
OUROVAC-AFT,2023-05-01,2367,0,1,0
OUROVAC-AFT,2023-06-01,1929,0,0,0
OUROVAC-AFT,2023-07-01,2136,1,0,0
OUROVAC-AFT,2023-08-01,2234,1,0,0
OUROVAC-AFT,2023-09-01,2385,1,0,0
OUROVAC-AFT,2023-10-01,1903,0,0,0
OUROVAC-AFT,2023-11-01,2803,0,0,1
OUROVAC-AFT,2023-12-01,2474,0,0,1
OUROVAC-AFT,2024-01-01,2725,0,0,1
OUROVAC-AFT,2024-02-01,2551,0,0,1
OUROVAC-AFT,2024-03-01,2031,0,0,0
OUROVAC-AFT,2024-04-01,2085,0,0,0
OUROVAC-AFT,2024-05-01,1950,0,0,0
OUROVAC-AFT,2024-06-01,1955,0,0,0
OUROVAC-AFT,2024-07-01,2005,0,0,0
OUROVAC-AFT,2024-08-01,2103,0,0,0
OUROVAC-AFT,2024-09-01,2248,1,0,0
OUROVAC-AFT,2024-10-01,1880,0,0,0
OUROVAC-AFT,2024-11-01,2712,0,0,1
OUROVAC-AFT,2024-12-01,2912,1,0,1
OUROVAC-AFT,2025-01-01,2770,0,0,1
OUROVAC-AFT,2025-02-01,2622,0,0,1
OUROVAC-AFT,2025-03-01,2305,1,0,0
OUROVAC-AFT,2025-04-01,1919,0,0,0
OUROVAC-AFT,2025-05-01,2118,0,0,0
OUROVAC-AFT,2025-06-01,1985,0,0,0
OUROVAC-AFT,2025-07-01,2088,0,0,0
OUROVAC-AFT,2025-08-01,2307,1,0,0
OUROVAC-AFT,2025-09-01,2204,1,0,0
OUROVAC-AFT,2025-10-01,2625,1,1,0
OUROVAC-AFT,2025-11-01,2760,0,0,1
OUROVAC-AFT,2025-12-01,3014,1,0,1
SUPERHION-1L,2008-01-01,881,0,0,1
SUPERHION-1L,2008-02-01,738,0,1,0
SUPERHION-1L,2008-03-01,662,0,0,0
SUPERHION-1L,2008-04-01,598,0,0,0
SUPERHION-1L,2008-05-01,602,0,0,0
SUPERHION-1L,2008-06-01,869,1,1,0
SUPERHION-1L,2008-07-01,516,0,0,0
SUPERHION-1L,2008-08-01,595,0,0,0
SUPERHION-1L,2008-09-01,697,0,0,0
SUPERHION-1L,2008-10-01,951,0,0,1
SUPERHION-1L,2008-11-01,983,0,1,1
SUPERHION-1L,2008-12-01,927,0,0,1
SUPERHION-1L,2009-01-01,1051,1,0,1
SUPERHION-1L,2009-02-01,843,1,0,0
SUPERHION-1L,2009-03-01,612,0,0,0
SUPERHION-1L,2009-04-01,704,0,0,0
SUPERHION-1L,2009-05-01,645,0,0,0
SUPERHION-1L,2009-06-01,734,0,0,0
SUPERHION-1L,2009-07-01,774,1,0,0
SUPERHION-1L,2009-08-01,657,0,0,0
SUPERHION-1L,2009-09-01,666,0,0,0
SUPERHION-1L,2009-10-01,1091,1,1,1
SUPERHION-1L,2009-11-01,939,0,0,1
SUPERHION-1L,2009-12-01,968,0,0,1
SUPERHION-1L,2010-01-01,1031,1,0,1
SUPERHION-1L,2010-02-01,780,1,0,0
SUPERHION-1L,2010-03-01,693,1,0,0
SUPERHION-1L,2010-04-01,622,0,0,0
SUPERHION-1L,2010-05-01,576,0,0,0
SUPERHION-1L,2010-06-01,812,1,0,0
SUPERHION-1L,2010-07-01,713,0,0,0
SUPERHION-1L,2010-08-01,665,0,0,0
SUPERHION-1L,2010-09-01,664,0,0,0
SUPERHION-1L,2010-10-01,1076,0,1,1
SUPERHION-1L,2010-11-01,938,0,0,1
SUPERHION-1L,2010-12-01,932,0,0,1
SUPERHION-1L,2011-01-01,1072,1,0,1
SUPERHION-1L,2011-02-01,633,0,0,0
SUPERHION-1L,2011-03-01,781,0,0,0
SUPERHION-1L,2011-04-01,671,0,0,0
SUPERHION-1L,2011-05-01,689,0,0,0
SUPERHION-1L,2011-06-01,704,0,0,0
SUPERHION-1L,2011-07-01,724,0,0,0
SUPERHION-1L,2011-08-01,647,0,0,0
SUPERHION-1L,2011-09-01,713,0,0,0
SUPERHION-1L,2011-10-01,929,0,0,1
SUPERHION-1L,2011-11-01,1011,0,1,1
SUPERHION-1L,2011-12-01,1083,1,0,1
SUPERHION-1L,2012-01-01,889,0,0,1
SUPERHION-1L,2012-02-01,688,0,0,0
SUPERHION-1L,2012-03-01,793,1,0,0
SUPERHION-1L,2012-04-01,912,1,0,0
SUPERHION-1L,2012-05-01,729,0,0,0
SUPERHION-1L,2012-06-01,655,0,0,0
SUPERHION-1L,2012-07-01,703,0,0,0
SUPERHION-1L,2012-08-01,714,0,0,0
SUPERHION-1L,2012-09-01,694,0,0,0
SUPERHION-1L,2012-10-01,1000,0,0,1
SUPERHION-1L,2012-11-01,951,0,0,1
SUPERHION-1L,2012-12-01,1010,0,0,1
SUPERHION-1L,2013-01-01,1114,1,0,1
SUPERHION-1L,2013-02-01,681,0,0,0
SUPERHION-1L,2013-03-01,674,0,0,0
SUPERHION-1L,2013-04-01,681,0,0,0
SUPERHION-1L,2013-05-01,677,0,0,0
SUPERHION-1L,2013-06-01,879,1,0,0
SUPERHION-1L,2013-07-01,795,1,0,0
SUPERHION-1L,2013-08-01,691,0,0,0
SUPERHION-1L,2013-09-01,648,0,0,0
SUPERHION-1L,2013-10-01,1083,0,1,1
SUPERHION-1L,2013-11-01,1008,0,0,1
SUPERHION-1L,2013-12-01,1171,1,0,1
SUPERHION-1L,2014-01-01,1070,0,0,1
SUPERHION-1L,2014-02-01,950,1,1,0
SUPERHION-1L,2014-03-01,901,1,0,0
SUPERHION-1L,2014-04-01,748,0,0,0
SUPERHION-1L,2014-05-01,741,0,0,0
SUPERHION-1L,2014-06-01,711,0,0,0
SUPERHION-1L,2014-07-01,755,0,0,0
SUPERHION-1L,2014-08-01,823,0,1,0
SUPERHION-1L,2014-09-01,718,0,0,0
SUPERHION-1L,2014-10-01,999,0,0,1
SUPERHION-1L,2014-11-01,1047,1,0,1
SUPERHION-1L,2014-12-01,1026,0,0,1
SUPERHION-1L,2015-01-01,1080,0,0,1
SUPERHION-1L,2015-02-01,716,0,0,0
SUPERHION-1L,2015-03-01,724,0,0,0
SUPERHION-1L,2015-04-01,675,0,0,0
SUPERHION-1L,2015-05-01,694,0,0,0
SUPERHION-1L,2015-06-01,844,0,1,0
SUPERHION-1L,2015-07-01,798,0,0,0
SUPERHION-1L,2015-08-01,639,0,0,0
SUPERHION-1L,2015-09-01,699,0,0,0
SUPERHION-1L,2015-10-01,1107,1,0,1
SUPERHION-1L,2015-11-01,1009,0,0,1
SUPERHION-1L,2015-12-01,1083,1,0,1
SUPERHION-1L,2016-01-01,1082,0,0,1
SUPERHION-1L,2016-02-01,717,0,0,0
SUPERHION-1L,2016-03-01,745,0,0,0
SUPERHION-1L,2016-04-01,791,0,0,0
SUPERHION-1L,2016-05-01,738,0,0,0
SUPERHION-1L,2016-06-01,791,0,0,0
SUPERHION-1L,2016-07-01,771,0,0,0
SUPERHION-1L,2016-08-01,745,0,0,0
SUPERHION-1L,2016-09-01,742,0,0,0
SUPERHION-1L,2016-10-01,1141,1,0,1
SUPERHION-1L,2016-11-01,1000,0,0,1
SUPERHION-1L,2016-12-01,1067,0,0,1
SUPERHION-1L,2017-01-01,952,0,0,1
SUPERHION-1L,2017-02-01,937,1,0,0
SUPERHION-1L,2017-03-01,714,0,0,0
SUPERHION-1L,2017-04-01,704,0,0,0
SUPERHION-1L,2017-05-01,906,1,0,0
SUPERHION-1L,2017-06-01,679,0,0,0
SUPERHION-1L,2017-07-01,711,0,0,0
SUPERHION-1L,2017-08-01,683,0,0,0
SUPERHION-1L,2017-09-01,827,0,0,0
SUPERHION-1L,2017-10-01,1046,0,0,1
SUPERHION-1L,2017-11-01,1100,0,0,1
SUPERHION-1L,2017-12-01,891,0,0,1
SUPERHION-1L,2018-01-01,1145,1,0,1
SUPERHION-1L,2018-02-01,799,0,0,0
SUPERHION-1L,2018-03-01,751,0,0,0
SUPERHION-1L,2018-04-01,791,0,0,0
SUPERHION-1L,2018-05-01,819,0,0,0
SUPERHION-1L,2018-06-01,774,0,0,0
SUPERHION-1L,2018-07-01,760,0,0,0
SUPERHION-1L,2018-08-01,765,0,0,0
SUPERHION-1L,2018-09-01,719,0,0,0
SUPERHION-1L,2018-10-01,912,0,0,1
SUPERHION-1L,2018-11-01,1118,1,0,1
SUPERHION-1L,2018-12-01,998,0,0,1
SUPERHION-1L,2019-01-01,1011,0,0,1
SUPERHION-1L,2019-02-01,712,0,0,0
SUPERHION-1L,2019-03-01,787,0,0,0
SUPERHION-1L,2019-04-01,703,0,0,0
SUPERHION-1L,2019-05-01,731,0,0,0
SUPERHION-1L,2019-06-01,851,0,0,0
SUPERHION-1L,2019-07-01,770,0,0,0
SUPERHION-1L,2019-08-01,823,0,0,0
SUPERHION-1L,2019-09-01,776,0,0,0
SUPERHION-1L,2019-10-01,992,0,0,1
SUPERHION-1L,2019-11-01,1095,0,0,1
SUPERHION-1L,2019-12-01,1104,0,0,1
SUPERHION-1L,2020-01-01,1028,0,0,1
SUPERHION-1L,2020-02-01,724,0,0,0
SUPERHION-1L,2020-03-01,763,0,0,0
SUPERHION-1L,2020-04-01,970,0,1,0
SUPERHION-1L,2020-05-01,871,0,0,0
SUPERHION-1L,2020-06-01,811,0,0,0
SUPERHION-1L,2020-07-01,701,0,0,0
SUPERHION-1L,2020-08-01,752,0,0,0
SUPERHION-1L,2020-09-01,812,0,0,0
SUPERHION-1L,2020-10-01,1134,0,0,1
SUPERHION-1L,2020-11-01,1185,1,0,1
SUPERHION-1L,2020-12-01,1059,0,0,1
SUPERHION-1L,2021-01-01,1046,0,0,1
SUPERHION-1L,2021-02-01,769,0,0,0
SUPERHION-1L,2021-03-01,765,0,0,0
SUPERHION-1L,2021-04-01,778,0,0,0
SUPERHION-1L,2021-05-01,792,0,0,0
SUPERHION-1L,2021-06-01,946,1,0,0
SUPERHION-1L,2021-07-01,943,0,1,0
SUPERHION-1L,2021-08-01,762,0,0,0
SUPERHION-1L,2021-09-01,763,0,0,0
SUPERHION-1L,2021-10-01,1096,0,0,1
SUPERHION-1L,2021-11-01,1197,1,0,1
SUPERHION-1L,2021-12-01,1230,1,0,1
SUPERHION-1L,2022-01-01,1092,0,0,1
SUPERHION-1L,2022-02-01,782,0,0,0
SUPERHION-1L,2022-03-01,795,0,0,0
SUPERHION-1L,2022-04-01,968,1,0,0
SUPERHION-1L,2022-05-01,746,0,0,0
SUPERHION-1L,2022-06-01,894,0,0,0
SUPERHION-1L,2022-07-01,798,0,0,0
SUPERHION-1L,2022-08-01,918,1,0,0
SUPERHION-1L,2022-09-01,891,1,0,0
SUPERHION-1L,2022-10-01,1248,0,1,1
SUPERHION-1L,2022-11-01,1257,0,1,1
SUPERHION-1L,2022-12-01,1043,0,0,1
SUPERHION-1L,2023-01-01,1184,0,0,1
SUPERHION-1L,2023-02-01,841,0,0,0
SUPERHION-1L,2023-03-01,892,0,0,0
SUPERHION-1L,2023-04-01,832,0,0,0
SUPERHION-1L,2023-05-01,915,1,0,0
SUPERHION-1L,2023-06-01,920,1,0,0
SUPERHION-1L,2023-07-01,780,0,0,0
SUPERHION-1L,2023-08-01,805,0,0,0
SUPERHION-1L,2023-09-01,816,0,0,0
SUPERHION-1L,2023-10-01,1151,1,0,1
SUPERHION-1L,2023-11-01,1104,0,0,1
SUPERHION-1L,2023-12-01,1224,1,0,1
SUPERHION-1L,2024-01-01,1137,0,0,1
SUPERHION-1L,2024-02-01,918,0,1,0
SUPERHION-1L,2024-03-01,864,0,0,0
SUPERHION-1L,2024-04-01,1016,1,1,0
SUPERHION-1L,2024-05-01,807,0,0,0
SUPERHION-1L,2024-06-01,790,0,0,0
SUPERHION-1L,2024-07-01,818,0,0,0
SUPERHION-1L,2024-08-01,847,0,0,0
SUPERHION-1L,2024-09-01,788,0,0,0
SUPERHION-1L,2024-10-01,1160,0,0,1
SUPERHION-1L,2024-11-01,1080,0,0,1
SUPERHION-1L,2024-12-01,1108,0,0,1
SUPERHION-1L,2025-01-01,1234,0,1,1
SUPERHION-1L,2025-02-01,838,0,0,0
SUPERHION-1L,2025-03-01,964,0,1,0
SUPERHION-1L,2025-04-01,900,1,0,0
SUPERHION-1L,2025-05-01,835,0,0,0
SUPERHION-1L,2025-06-01,880,0,0,0
SUPERHION-1L,2025-07-01,863,0,0,0
SUPERHION-1L,2025-08-01,837,0,0,0
SUPERHION-1L,2025-09-01,876,0,0,0
SUPERHION-1L,2025-10-01,1090,0,0,1
SUPERHION-1L,2025-11-01,1394,1,1,1
SUPERHION-1L,2025-12-01,1302,1,0,1
OUROVIT-250,2008-01-01,971,1,1,0
OUROVIT-250,2008-02-01,715,0,0,0
OUROVIT-250,2008-03-01,675,0,0,0
OUROVIT-250,2008-04-01,689,0,0,0
OUROVIT-250,2008-05-01,962,1,0,0
OUROVIT-250,2008-06-01,821,0,0,0
OUROVIT-250,2008-07-01,752,0,0,0
OUROVIT-250,2008-08-01,1051,0,0,1
OUROVIT-250,2008-09-01,1026,0,0,1
OUROVIT-250,2008-10-01,1029,0,0,1
OUROVIT-250,2008-11-01,631,0,0,0
OUROVIT-250,2008-12-01,718,0,0,0
OUROVIT-250,2009-01-01,819,0,0,0
OUROVIT-250,2009-02-01,744,0,0,0
OUROVIT-250,2009-03-01,808,1,0,0
OUROVIT-250,2009-04-01,820,1,0,0
OUROVIT-250,2009-05-01,884,0,1,0
OUROVIT-250,2009-06-01,660,0,0,0
OUROVIT-250,2009-07-01,911,0,1,0
OUROVIT-250,2009-08-01,1093,0,0,1
OUROVIT-250,2009-09-01,1261,1,0,1
OUROVIT-250,2009-10-01,1077,0,0,1
OUROVIT-250,2009-11-01,686,0,0,0
OUROVIT-250,2009-12-01,788,0,0,0
OUROVIT-250,2010-01-01,736,0,0,0
OUROVIT-250,2010-02-01,750,0,0,0
OUROVIT-250,2010-03-01,756,0,0,0
OUROVIT-250,2010-04-01,818,0,0,0
OUROVIT-250,2010-05-01,812,0,0,0
OUROVIT-250,2010-06-01,902,1,0,0
OUROVIT-250,2010-07-01,811,0,0,0
OUROVIT-250,2010-08-01,1130,0,0,1
OUROVIT-250,2010-09-01,1081,0,0,1
OUROVIT-250,2010-10-01,1239,1,0,1
OUROVIT-250,2010-11-01,709,0,0,0
OUROVIT-250,2010-12-01,901,1,0,0
OUROVIT-250,2011-01-01,776,0,0,0
OUROVIT-250,2011-02-01,814,0,0,0
OUROVIT-250,2011-03-01,880,0,1,0
OUROVIT-250,2011-04-01,912,1,0,0
OUROVIT-250,2011-05-01,915,1,0,0
OUROVIT-250,2011-06-01,920,1,0,0
OUROVIT-250,2011-07-01,1000,1,0,0
OUROVIT-250,2011-08-01,1046,0,0,1
OUROVIT-250,2011-09-01,1357,1,0,1
OUROVIT-250,2011-10-01,1089,0,0,1
OUROVIT-250,2011-11-01,745,0,0,0
OUROVIT-250,2011-12-01,724,0,0,0
OUROVIT-250,2012-01-01,888,1,0,0
OUROVIT-250,2012-02-01,848,0,1,0
OUROVIT-250,2012-03-01,822,0,0,0
OUROVIT-250,2012-04-01,773,0,0,0
OUROVIT-250,2012-05-01,939,0,1,0
OUROVIT-250,2012-06-01,762,0,0,0
OUROVIT-250,2012-07-01,912,0,0,0
OUROVIT-250,2012-08-01,1110,0,0,1
OUROVIT-250,2012-09-01,1104,0,0,1
OUROVIT-250,2012-10-01,1374,1,1,1
OUROVIT-250,2012-11-01,854,0,1,0
OUROVIT-250,2012-12-01,923,0,0,0
OUROVIT-250,2013-01-01,989,1,0,0
OUROVIT-250,2013-02-01,853,0,0,0
OUROVIT-250,2013-03-01,727,0,0,0
OUROVIT-250,2013-04-01,708,0,0,0
OUROVIT-250,2013-05-01,797,0,0,0
OUROVIT-250,2013-06-01,816,0,0,0
OUROVIT-250,2013-07-01,809,0,0,0
OUROVIT-250,2013-08-01,1164,0,0,1
OUROVIT-250,2013-09-01,1338,1,0,1
OUROVIT-250,2013-10-01,1138,0,0,1
OUROVIT-250,2013-11-01,774,0,0,0
OUROVIT-250,2013-12-01,697,0,0,0
OUROVIT-250,2014-01-01,839,0,0,0
OUROVIT-250,2014-02-01,893,0,0,0
OUROVIT-250,2014-03-01,769,0,0,0
OUROVIT-250,2014-04-01,916,0,0,0
OUROVIT-250,2014-05-01,865,0,0,0
OUROVIT-250,2014-06-01,859,1,0,0
OUROVIT-250,2014-07-01,815,0,0,0
OUROVIT-250,2014-08-01,1118,0,0,1
OUROVIT-250,2014-09-01,1153,0,0,1
OUROVIT-250,2014-10-01,1151,0,0,1
OUROVIT-250,2014-11-01,810,0,0,0
OUROVIT-250,2014-12-01,805,0,0,0
OUROVIT-250,2015-01-01,970,0,1,0
OUROVIT-250,2015-02-01,833,0,0,0
OUROVIT-250,2015-03-01,882,0,0,0
OUROVIT-250,2015-04-01,851,0,0,0
OUROVIT-250,2015-05-01,851,0,0,0
OUROVIT-250,2015-06-01,812,0,0,0
OUROVIT-250,2015-07-01,864,0,0,0
OUROVIT-250,2015-08-01,1183,0,0,1
OUROVIT-250,2015-09-01,1220,0,0,1
OUROVIT-250,2015-10-01,1194,0,0,1
OUROVIT-250,2015-11-01,871,0,0,0
OUROVIT-250,2015-12-01,879,0,0,0
OUROVIT-250,2016-01-01,980,0,1,0
OUROVIT-250,2016-02-01,1014,1,0,0
OUROVIT-250,2016-03-01,922,0,0,0
OUROVIT-250,2016-04-01,1050,0,1,0
OUROVIT-250,2016-05-01,912,0,0,0
OUROVIT-250,2016-06-01,818,0,0,0
OUROVIT-250,2016-07-01,861,0,0,0
OUROVIT-250,2016-08-01,1156,0,1,1
OUROVIT-250,2016-09-01,1236,0,0,1
OUROVIT-250,2016-10-01,1158,0,0,1
OUROVIT-250,2016-11-01,855,0,0,0
OUROVIT-250,2016-12-01,807,0,0,0
OUROVIT-250,2017-01-01,1137,1,1,0
OUROVIT-250,2017-02-01,830,0,0,0
OUROVIT-250,2017-03-01,1080,1,0,0
OUROVIT-250,2017-04-01,935,0,0,0
OUROVIT-250,2017-05-01,1033,1,0,0
OUROVIT-250,2017-06-01,964,1,0,0
OUROVIT-250,2017-07-01,787,0,0,0
OUROVIT-250,2017-08-01,1189,0,0,1
OUROVIT-250,2017-09-01,1285,0,1,1
OUROVIT-250,2017-10-01,1132,0,0,1
OUROVIT-250,2017-11-01,872,0,0,0
OUROVIT-250,2017-12-01,1030,1,0,0
OUROVIT-250,2018-01-01,976,0,0,0
OUROVIT-250,2018-02-01,923,0,0,0
OUROVIT-250,2018-03-01,972,0,0,0
OUROVIT-250,2018-04-01,937,1,0,0
OUROVIT-250,2018-05-01,853,0,0,0
OUROVIT-250,2018-06-01,926,0,0,0
OUROVIT-250,2018-07-01,1031,1,0,0
OUROVIT-250,2018-08-01,1262,0,0,1
OUROVIT-250,2018-09-01,1515,1,1,1
OUROVIT-250,2018-10-01,1308,0,1,1
OUROVIT-250,2018-11-01,864,0,0,0
OUROVIT-250,2018-12-01,972,1,0,0
OUROVIT-250,2019-01-01,977,0,1,0
OUROVIT-250,2019-02-01,987,0,0,0
OUROVIT-250,2019-03-01,865,0,0,0
OUROVIT-250,2019-04-01,951,0,0,0
OUROVIT-250,2019-05-01,1056,1,0,0
OUROVIT-250,2019-06-01,963,0,0,0
OUROVIT-250,2019-07-01,890,0,0,0
OUROVIT-250,2019-08-01,1223,0,0,1
OUROVIT-250,2019-09-01,1430,1,0,1
OUROVIT-250,2019-10-01,1321,1,0,1
OUROVIT-250,2019-11-01,919,0,0,0
OUROVIT-250,2019-12-01,1017,0,1,0
OUROVIT-250,2020-01-01,1025,0,0,0
OUROVIT-250,2020-02-01,1049,1,0,0
OUROVIT-250,2020-03-01,940,0,0,0
OUROVIT-250,2020-04-01,1044,1,0,0
OUROVIT-250,2020-05-01,1068,1,0,0
OUROVIT-250,2020-06-01,898,0,0,0
OUROVIT-250,2020-07-01,908,0,0,0
OUROVIT-250,2020-08-01,1324,0,1,1
OUROVIT-250,2020-09-01,1299,0,1,1
OUROVIT-250,2020-10-01,1303,0,0,1
OUROVIT-250,2020-11-01,927,0,0,0
OUROVIT-250,2020-12-01,857,0,0,0
OUROVIT-250,2021-01-01,903,0,0,0
OUROVIT-250,2021-02-01,1157,1,0,0
OUROVIT-250,2021-03-01,866,0,0,0
OUROVIT-250,2021-04-01,1008,0,0,0
OUROVIT-250,2021-05-01,943,0,0,0
OUROVIT-250,2021-06-01,906,0,0,0
OUROVIT-250,2021-07-01,956,0,0,0
OUROVIT-250,2021-08-01,1247,0,0,1
OUROVIT-250,2021-09-01,1239,0,0,1
OUROVIT-250,2021-10-01,1260,0,0,1
OUROVIT-250,2021-11-01,966,0,0,0
OUROVIT-250,2021-12-01,1070,0,0,0
OUROVIT-250,2022-01-01,859,0,0,0
OUROVIT-250,2022-02-01,874,0,0,0
OUROVIT-250,2022-03-01,943,0,0,0
OUROVIT-250,2022-04-01,1033,0,0,0
OUROVIT-250,2022-05-01,961,0,0,0
OUROVIT-250,2022-06-01,898,0,0,0
OUROVIT-250,2022-07-01,977,0,0,0
OUROVIT-250,2022-08-01,1282,0,0,1
OUROVIT-250,2022-09-01,1237,0,0,1
OUROVIT-250,2022-10-01,1431,0,1,1
OUROVIT-250,2022-11-01,965,0,0,0
OUROVIT-250,2022-12-01,1101,0,1,0
OUROVIT-250,2023-01-01,1050,0,0,0
OUROVIT-250,2023-02-01,943,0,0,0
OUROVIT-250,2023-03-01,1138,1,0,0
OUROVIT-250,2023-04-01,936,0,0,0
OUROVIT-250,2023-05-01,995,0,0,0
OUROVIT-250,2023-06-01,865,0,0,0
OUROVIT-250,2023-07-01,1068,1,0,0
OUROVIT-250,2023-08-01,1246,0,0,1
OUROVIT-250,2023-09-01,1257,0,0,1
OUROVIT-250,2023-10-01,1571,1,1,1
OUROVIT-250,2023-11-01,1104,1,0,0
OUROVIT-250,2023-12-01,916,0,0,0
OUROVIT-250,2024-01-01,1016,0,0,0
OUROVIT-250,2024-02-01,970,0,0,0
OUROVIT-250,2024-03-01,935,0,0,0
OUROVIT-250,2024-04-01,1010,0,1,0
OUROVIT-250,2024-05-01,1147,1,0,0
OUROVIT-250,2024-06-01,1073,1,0,0
OUROVIT-250,2024-07-01,982,0,0,0
OUROVIT-250,2024-08-01,1288,0,0,1
OUROVIT-250,2024-09-01,1533,1,0,1
OUROVIT-250,2024-10-01,1487,1,0,1
OUROVIT-250,2024-11-01,949,0,0,0
OUROVIT-250,2024-12-01,862,0,0,0
OUROVIT-250,2025-01-01,872,0,0,0
OUROVIT-250,2025-02-01,1008,0,0,0
OUROVIT-250,2025-03-01,976,0,0,0
OUROVIT-250,2025-04-01,984,0,0,0
OUROVIT-250,2025-05-01,1121,1,0,0
OUROVIT-250,2025-06-01,1204,1,0,0
OUROVIT-250,2025-07-01,1130,0,1,0
OUROVIT-250,2025-08-01,1423,0,0,1
OUROVIT-250,2025-09-01,1205,0,0,1
OUROVIT-250,2025-10-01,1188,0,0,1
OUROVIT-250,2025-11-01,1252,1,0,0
OUROVIT-250,2025-12-01,1104,1,0,0
OUROTETRA,2008-01-01,1973,0,0,1
OUROTETRA,2008-02-01,2054,0,0,1
OUROTETRA,2008-03-01,2114,0,0,1
OUROTETRA,2008-04-01,2289,1,0,1
OUROTETRA,2008-05-01,1586,0,0,0
OUROTETRA,2008-06-01,1447,0,0,0
OUROTETRA,2008-07-01,1502,0,0,0
OUROTETRA,2008-08-01,1349,0,0,0
OUROTETRA,2008-09-01,1578,0,0,0
OUROTETRA,2008-10-01,1412,0,0,0
OUROTETRA,2008-11-01,1520,0,0,0
OUROTETRA,2008-12-01,1416,0,0,0
OUROTETRA,2009-01-01,2258,0,0,1
OUROTETRA,2009-02-01,2283,1,0,1
OUROTETRA,2009-03-01,2374,0,1,1
OUROTETRA,2009-04-01,2097,0,0,1
OUROTETRA,2009-05-01,1475,0,0,0
OUROTETRA,2009-06-01,1632,0,1,0
OUROTETRA,2009-07-01,1742,1,0,0
OUROTETRA,2009-08-01,1393,0,0,0
OUROTETRA,2009-09-01,1494,0,0,0
OUROTETRA,2009-10-01,1556,0,1,0
OUROTETRA,2009-11-01,1363,0,0,0
OUROTETRA,2009-12-01,1755,1,0,0
OUROTETRA,2010-01-01,2127,0,0,1
OUROTETRA,2010-02-01,2100,0,0,1
OUROTETRA,2010-03-01,2101,0,0,1
OUROTETRA,2010-04-01,1990,0,0,1
OUROTETRA,2010-05-01,1698,1,0,0
OUROTETRA,2010-06-01,1622,0,1,0
OUROTETRA,2010-07-01,1495,0,1,0
OUROTETRA,2010-08-01,1255,0,0,0
OUROTETRA,2010-09-01,1392,0,0,0
OUROTETRA,2010-10-01,1505,0,0,0
OUROTETRA,2010-11-01,1704,0,1,0
OUROTETRA,2010-12-01,1687,1,0,0
OUROTETRA,2011-01-01,2163,0,0,1
OUROTETRA,2011-02-01,2173,0,0,1
OUROTETRA,2011-03-01,2162,0,0,1
OUROTETRA,2011-04-01,2118,0,0,1
OUROTETRA,2011-05-01,1511,0,0,0
OUROTETRA,2011-06-01,1422,0,0,0
OUROTETRA,2011-07-01,1522,0,0,0
OUROTETRA,2011-08-01,1752,1,0,0
OUROTETRA,2011-09-01,1426,0,0,0
OUROTETRA,2011-10-01,1735,1,0,0
OUROTETRA,2011-11-01,1710,1,0,0
OUROTETRA,2011-12-01,1482,0,0,0
OUROTETRA,2012-01-01,2211,0,0,1
OUROTETRA,2012-02-01,2233,0,0,1
OUROTETRA,2012-03-01,2193,0,0,1
OUROTETRA,2012-04-01,2027,0,0,1
OUROTETRA,2012-05-01,1389,0,0,0
OUROTETRA,2012-06-01,1457,0,0,0
OUROTETRA,2012-07-01,1633,0,1,0
OUROTETRA,2012-08-01,1612,0,0,0
OUROTETRA,2012-09-01,1822,1,0,0
OUROTETRA,2012-10-01,1554,0,0,0
OUROTETRA,2012-11-01,1675,0,0,0
OUROTETRA,2012-12-01,1440,0,0,0
OUROTETRA,2013-01-01,2301,0,0,1
OUROTETRA,2013-02-01,2127,0,0,1
OUROTETRA,2013-03-01,2156,0,0,1
OUROTETRA,2013-04-01,2224,0,0,1
OUROTETRA,2013-05-01,1610,0,0,0
OUROTETRA,2013-06-01,1946,1,0,0
OUROTETRA,2013-07-01,1630,0,0,0
OUROTETRA,2013-08-01,1629,0,0,0
OUROTETRA,2013-09-01,1703,1,0,0
OUROTETRA,2013-10-01,1572,0,0,0
OUROTETRA,2013-11-01,1844,1,0,0
OUROTETRA,2013-12-01,1607,0,0,0
OUROTETRA,2014-01-01,2254,0,0,1
OUROTETRA,2014-02-01,2451,0,1,1
OUROTETRA,2014-03-01,2130,0,0,1
OUROTETRA,2014-04-01,2284,0,0,1
OUROTETRA,2014-05-01,1584,0,0,0
OUROTETRA,2014-06-01,1805,0,1,0
OUROTETRA,2014-07-01,1905,1,0,0
OUROTETRA,2014-08-01,1528,0,0,0
OUROTETRA,2014-09-01,1492,0,0,0
OUROTETRA,2014-10-01,1407,0,0,0
OUROTETRA,2014-11-01,1913,1,0,0
OUROTETRA,2014-12-01,1442,0,0,0
OUROTETRA,2015-01-01,2188,0,0,1
OUROTETRA,2015-02-01,2669,1,1,1
OUROTETRA,2015-03-01,2652,1,0,1
OUROTETRA,2015-04-01,2242,0,0,1
OUROTETRA,2015-05-01,2003,1,0,0
OUROTETRA,2015-06-01,1516,0,0,0
OUROTETRA,2015-07-01,1755,0,0,0
OUROTETRA,2015-08-01,1611,0,0,0
OUROTETRA,2015-09-01,1961,1,1,0
OUROTETRA,2015-10-01,1672,0,0,0
OUROTETRA,2015-11-01,1484,0,0,0
OUROTETRA,2015-12-01,1553,0,0,0
OUROTETRA,2016-01-01,2587,1,0,1
OUROTETRA,2016-02-01,2302,0,0,1
OUROTETRA,2016-03-01,2139,0,0,1
OUROTETRA,2016-04-01,2384,1,0,1
OUROTETRA,2016-05-01,1708,0,0,0
OUROTETRA,2016-06-01,1533,0,0,0
OUROTETRA,2016-07-01,1842,1,0,0
OUROTETRA,2016-08-01,1616,0,0,0
OUROTETRA,2016-09-01,1877,0,1,0
OUROTETRA,2016-10-01,1693,0,0,0
OUROTETRA,2016-11-01,1744,0,0,0
OUROTETRA,2016-12-01,1660,0,0,0
OUROTETRA,2017-01-01,2261,0,0,1
OUROTETRA,2017-02-01,2322,0,0,1
OUROTETRA,2017-03-01,2573,1,0,1
OUROTETRA,2017-04-01,2437,0,0,1
OUROTETRA,2017-05-01,1576,0,0,0
OUROTETRA,2017-06-01,1690,0,0,0
OUROTETRA,2017-07-01,1731,0,0,0
OUROTETRA,2017-08-01,1895,1,0,0
OUROTETRA,2017-09-01,1589,0,0,0
OUROTETRA,2017-10-01,2048,1,1,0
OUROTETRA,2017-11-01,1608,0,0,0
OUROTETRA,2017-12-01,1865,0,0,0
OUROTETRA,2018-01-01,2499,0,1,1
OUROTETRA,2018-02-01,2204,0,0,1
OUROTETRA,2018-03-01,2508,1,0,1
OUROTETRA,2018-04-01,2756,1,1,1
OUROTETRA,2018-05-01,1750,0,0,0
OUROTETRA,2018-06-01,1891,0,0,0
OUROTETRA,2018-07-01,1597,0,0,0
OUROTETRA,2018-08-01,1474,0,0,0
OUROTETRA,2018-09-01,1802,0,0,0
OUROTETRA,2018-10-01,2016,1,0,0
OUROTETRA,2018-11-01,1906,1,0,0
OUROTETRA,2018-12-01,1547,0,0,0
OUROTETRA,2019-01-01,2246,0,0,1
OUROTETRA,2019-02-01,2437,0,0,1
OUROTETRA,2019-03-01,2772,1,0,1
OUROTETRA,2019-04-01,2363,0,0,1
OUROTETRA,2019-05-01,1751,0,0,0
OUROTETRA,2019-06-01,1881,0,0,0
OUROTETRA,2019-07-01,1789,0,0,0
OUROTETRA,2019-08-01,1767,0,1,0
OUROTETRA,2019-09-01,1752,0,0,0
OUROTETRA,2019-10-01,2154,1,0,0
OUROTETRA,2019-11-01,1715,0,0,0
OUROTETRA,2019-12-01,1854,0,0,0
OUROTETRA,2020-01-01,2321,0,0,1
OUROTETRA,2020-02-01,2474,1,0,1
OUROTETRA,2020-03-01,2424,0,0,1
OUROTETRA,2020-04-01,2405,0,0,1
OUROTETRA,2020-05-01,1790,0,0,0
OUROTETRA,2020-06-01,1818,0,0,0
OUROTETRA,2020-07-01,1883,0,0,0
OUROTETRA,2020-08-01,1674,0,0,0
OUROTETRA,2020-09-01,1933,1,0,0
OUROTETRA,2020-10-01,1683,0,0,0
OUROTETRA,2020-11-01,1830,0,0,0
OUROTETRA,2020-12-01,1940,1,0,0
OUROTETRA,2021-01-01,2421,0,0,1
OUROTETRA,2021-02-01,2404,0,0,1
OUROTETRA,2021-03-01,2291,0,0,1
OUROTETRA,2021-04-01,2333,0,0,1
OUROTETRA,2021-05-01,1871,0,0,0
OUROTETRA,2021-06-01,1914,0,0,0
OUROTETRA,2021-07-01,1730,0,0,0
OUROTETRA,2021-08-01,2014,1,0,0
OUROTETRA,2021-09-01,1758,0,0,0
OUROTETRA,2021-10-01,1687,0,0,0
OUROTETRA,2021-11-01,1685,0,0,0
OUROTETRA,2021-12-01,1742,0,0,0
OUROTETRA,2022-01-01,2422,0,0,1
OUROTETRA,2022-02-01,2786,1,0,1
OUROTETRA,2022-03-01,2418,0,0,1
OUROTETRA,2022-04-01,2337,0,0,1
OUROTETRA,2022-05-01,1833,0,0,0
OUROTETRA,2022-06-01,1682,0,0,0
OUROTETRA,2022-07-01,1725,0,0,0
OUROTETRA,2022-08-01,1702,0,0,0
OUROTETRA,2022-09-01,1668,0,0,0
OUROTETRA,2022-10-01,1917,0,0,0
OUROTETRA,2022-11-01,1801,0,0,0
OUROTETRA,2022-12-01,1927,1,0,0
OUROTETRA,2023-01-01,2653,1,0,1
OUROTETRA,2023-02-01,2741,1,0,1
OUROTETRA,2023-03-01,2524,0,0,1
OUROTETRA,2023-04-01,2511,0,0,1
OUROTETRA,2023-05-01,1855,0,0,0
OUROTETRA,2023-06-01,1748,0,0,0
OUROTETRA,2023-07-01,1765,0,0,0
OUROTETRA,2023-08-01,1836,0,0,0
OUROTETRA,2023-09-01,1819,0,0,0
OUROTETRA,2023-10-01,1708,0,0,0
OUROTETRA,2023-11-01,1626,0,0,0
OUROTETRA,2023-12-01,1873,0,0,0
OUROTETRA,2024-01-01,2461,0,0,1
OUROTETRA,2024-02-01,2842,1,1,1
OUROTETRA,2024-03-01,2339,0,0,1
OUROTETRA,2024-04-01,2918,1,1,1
OUROTETRA,2024-05-01,1942,0,0,0
OUROTETRA,2024-06-01,2220,1,0,0
OUROTETRA,2024-07-01,1907,0,0,0
OUROTETRA,2024-08-01,2079,0,1,0
OUROTETRA,2024-09-01,1802,0,0,0
OUROTETRA,2024-10-01,1698,0,0,0
OUROTETRA,2024-11-01,1768,0,0,0
OUROTETRA,2024-12-01,1878,0,0,0
OUROTETRA,2025-01-01,2469,0,0,1
OUROTETRA,2025-02-01,2910,1,0,1
OUROTETRA,2025-03-01,2522,0,0,1
OUROTETRA,2025-04-01,2724,0,0,1
OUROTETRA,2025-05-01,1882,0,0,0
OUROTETRA,2025-06-01,2254,1,0,0
OUROTETRA,2025-07-01,1830,0,0,0
OUROTETRA,2025-08-01,2202,1,0,0
OUROTETRA,2025-09-01,1978,0,1,0
OUROTETRA,2025-10-01,2084,1,0,0
OUROTETRA,2025-11-01,1939,0,0,0
OUROTETRA,2025-12-01,1870,0,0,0
IMPACTO-1000,2008-01-01,526,0,0,0
IMPACTO-1000,2008-02-01,701,1,0,0
IMPACTO-1000,2008-03-01,575,0,0,0
IMPACTO-1000,2008-04-01,761,0,0,1
IMPACTO-1000,2008-05-01,929,0,1,1
IMPACTO-1000,2008-06-01,578,0,0,0
IMPACTO-1000,2008-07-01,555,0,0,0
IMPACTO-1000,2008-08-01,533,0,0,0
IMPACTO-1000,2008-09-01,749,0,0,1
IMPACTO-1000,2008-10-01,620,0,0,0
IMPACTO-1000,2008-11-01,661,1,0,0
IMPACTO-1000,2008-12-01,434,0,0,0
IMPACTO-1000,2009-01-01,591,0,0,0
IMPACTO-1000,2009-02-01,682,1,0,0
IMPACTO-1000,2009-03-01,550,0,0,0
IMPACTO-1000,2009-04-01,883,1,0,1
IMPACTO-1000,2009-05-01,820,0,0,1
IMPACTO-1000,2009-06-01,605,0,0,0
IMPACTO-1000,2009-07-01,564,0,0,0
IMPACTO-1000,2009-08-01,508,0,0,0
IMPACTO-1000,2009-09-01,861,0,1,1
IMPACTO-1000,2009-10-01,718,1,1,0
IMPACTO-1000,2009-11-01,510,0,0,0
IMPACTO-1000,2009-12-01,561,0,0,0
IMPACTO-1000,2010-01-01,587,0,0,0
IMPACTO-1000,2010-02-01,620,0,0,0
IMPACTO-1000,2010-03-01,529,0,0,0
IMPACTO-1000,2010-04-01,766,0,0,1
IMPACTO-1000,2010-05-01,951,1,0,1
IMPACTO-1000,2010-06-01,503,0,0,0
IMPACTO-1000,2010-07-01,586,0,0,0
IMPACTO-1000,2010-08-01,517,0,0,0
IMPACTO-1000,2010-09-01,870,0,0,1
IMPACTO-1000,2010-10-01,513,0,0,0
IMPACTO-1000,2010-11-01,645,0,0,0
IMPACTO-1000,2010-12-01,731,1,0,0
IMPACTO-1000,2011-01-01,569,0,0,0
IMPACTO-1000,2011-02-01,586,0,0,0
IMPACTO-1000,2011-03-01,567,0,0,0
IMPACTO-1000,2011-04-01,884,0,1,1
IMPACTO-1000,2011-05-01,901,1,0,1
IMPACTO-1000,2011-06-01,592,0,0,0
IMPACTO-1000,2011-07-01,712,1,0,0
IMPACTO-1000,2011-08-01,583,0,0,0
IMPACTO-1000,2011-09-01,818,0,0,1
IMPACTO-1000,2011-10-01,562,0,0,0
IMPACTO-1000,2011-11-01,688,0,0,0
IMPACTO-1000,2011-12-01,612,0,0,0
IMPACTO-1000,2012-01-01,556,0,0,0
IMPACTO-1000,2012-02-01,578,0,0,0
IMPACTO-1000,2012-03-01,532,0,0,0
IMPACTO-1000,2012-04-01,981,1,0,1
IMPACTO-1000,2012-05-01,824,0,0,1
IMPACTO-1000,2012-06-01,731,1,0,0
IMPACTO-1000,2012-07-01,564,0,0,0
IMPACTO-1000,2012-08-01,648,0,0,0
IMPACTO-1000,2012-09-01,830,0,0,1
IMPACTO-1000,2012-10-01,623,0,0,0
IMPACTO-1000,2012-11-01,583,0,0,0
IMPACTO-1000,2012-12-01,615,0,1,0
IMPACTO-1000,2013-01-01,627,0,0,0
IMPACTO-1000,2013-02-01,700,1,0,0
IMPACTO-1000,2013-03-01,651,0,0,0
IMPACTO-1000,2013-04-01,870,0,0,1
IMPACTO-1000,2013-05-01,761,0,0,1
IMPACTO-1000,2013-06-01,588,0,0,0
IMPACTO-1000,2013-07-01,582,0,0,0
IMPACTO-1000,2013-08-01,568,0,0,0
IMPACTO-1000,2013-09-01,899,1,0,1
IMPACTO-1000,2013-10-01,589,0,0,0
IMPACTO-1000,2013-11-01,680,1,0,0
IMPACTO-1000,2013-12-01,548,0,0,0
IMPACTO-1000,2014-01-01,683,1,0,0
IMPACTO-1000,2014-02-01,645,0,0,0
IMPACTO-1000,2014-03-01,573,0,0,0
IMPACTO-1000,2014-04-01,976,0,1,1
IMPACTO-1000,2014-05-01,909,0,0,1
IMPACTO-1000,2014-06-01,639,0,0,0
IMPACTO-1000,2014-07-01,576,0,0,0
IMPACTO-1000,2014-08-01,694,0,0,0
IMPACTO-1000,2014-09-01,836,0,0,1
IMPACTO-1000,2014-10-01,629,0,0,0
IMPACTO-1000,2014-11-01,762,1,0,0
IMPACTO-1000,2014-12-01,666,0,0,0
IMPACTO-1000,2015-01-01,635,0,0,0
IMPACTO-1000,2015-02-01,651,0,0,0
IMPACTO-1000,2015-03-01,628,0,1,0
IMPACTO-1000,2015-04-01,826,0,0,1
IMPACTO-1000,2015-05-01,860,0,0,1
IMPACTO-1000,2015-06-01,659,0,1,0
IMPACTO-1000,2015-07-01,719,0,1,0
IMPACTO-1000,2015-08-01,674,1,0,0
IMPACTO-1000,2015-09-01,867,0,0,1
IMPACTO-1000,2015-10-01,764,1,0,0
IMPACTO-1000,2015-11-01,727,1,0,0
IMPACTO-1000,2015-12-01,811,1,1,0
IMPACTO-1000,2016-01-01,624,0,0,0
IMPACTO-1000,2016-02-01,776,0,1,0
IMPACTO-1000,2016-03-01,623,0,0,0
IMPACTO-1000,2016-04-01,884,0,0,1
IMPACTO-1000,2016-05-01,919,0,0,1
IMPACTO-1000,2016-06-01,757,1,0,0
IMPACTO-1000,2016-07-01,671,0,0,0
IMPACTO-1000,2016-08-01,727,1,0,0
IMPACTO-1000,2016-09-01,828,0,0,1
IMPACTO-1000,2016-10-01,646,0,0,0
IMPACTO-1000,2016-11-01,660,0,0,0
IMPACTO-1000,2016-12-01,669,0,0,0
IMPACTO-1000,2017-01-01,629,0,0,0
IMPACTO-1000,2017-02-01,651,0,0,0
IMPACTO-1000,2017-03-01,602,0,0,0
IMPACTO-1000,2017-04-01,931,0,0,1
IMPACTO-1000,2017-05-01,1092,1,1,1
IMPACTO-1000,2017-06-01,709,0,0,0
IMPACTO-1000,2017-07-01,611,0,0,0
IMPACTO-1000,2017-08-01,705,0,0,0
IMPACTO-1000,2017-09-01,875,0,0,1
IMPACTO-1000,2017-10-01,632,0,0,0
IMPACTO-1000,2017-11-01,724,1,0,0
IMPACTO-1000,2017-12-01,719,0,0,0
IMPACTO-1000,2018-01-01,631,0,0,0
IMPACTO-1000,2018-02-01,681,0,0,0
IMPACTO-1000,2018-03-01,626,0,0,0
IMPACTO-1000,2018-04-01,906,0,0,1
IMPACTO-1000,2018-05-01,897,0,0,1
IMPACTO-1000,2018-06-01,805,1,0,0
IMPACTO-1000,2018-07-01,757,1,0,0
IMPACTO-1000,2018-08-01,650,0,0,0
IMPACTO-1000,2018-09-01,1049,0,1,1
IMPACTO-1000,2018-10-01,676,0,0,0
IMPACTO-1000,2018-11-01,650,0,0,0
IMPACTO-1000,2018-12-01,808,1,0,0
IMPACTO-1000,2019-01-01,706,0,0,0
IMPACTO-1000,2019-02-01,696,0,0,0
IMPACTO-1000,2019-03-01,791,0,1,0
IMPACTO-1000,2019-04-01,978,0,1,1
IMPACTO-1000,2019-05-01,886,0,0,1
IMPACTO-1000,2019-06-01,719,1,0,0
IMPACTO-1000,2019-07-01,718,0,1,0
IMPACTO-1000,2019-08-01,686,0,0,0
IMPACTO-1000,2019-09-01,1009,1,0,1
IMPACTO-1000,2019-10-01,715,0,0,0
IMPACTO-1000,2019-11-01,663,0,0,0
IMPACTO-1000,2019-12-01,626,0,0,0
IMPACTO-1000,2020-01-01,675,0,0,0
IMPACTO-1000,2020-02-01,760,1,0,0
IMPACTO-1000,2020-03-01,675,0,0,0
IMPACTO-1000,2020-04-01,947,0,0,1
IMPACTO-1000,2020-05-01,930,0,0,1
IMPACTO-1000,2020-06-01,643,0,0,0
IMPACTO-1000,2020-07-01,830,1,0,0
IMPACTO-1000,2020-08-01,738,0,0,0
IMPACTO-1000,2020-09-01,904,0,0,1
IMPACTO-1000,2020-10-01,748,0,1,0
IMPACTO-1000,2020-11-01,677,0,0,0
IMPACTO-1000,2020-12-01,671,0,0,0
IMPACTO-1000,2021-01-01,653,0,0,0
IMPACTO-1000,2021-02-01,785,1,0,0
IMPACTO-1000,2021-03-01,788,1,0,0
IMPACTO-1000,2021-04-01,859,0,0,1
IMPACTO-1000,2021-05-01,1073,1,0,1
IMPACTO-1000,2021-06-01,794,0,1,0
IMPACTO-1000,2021-07-01,646,0,0,0
IMPACTO-1000,2021-08-01,722,0,0,0
IMPACTO-1000,2021-09-01,958,0,0,1
IMPACTO-1000,2021-10-01,655,0,0,0
IMPACTO-1000,2021-11-01,759,0,0,0
IMPACTO-1000,2021-12-01,657,0,0,0
IMPACTO-1000,2022-01-01,676,0,0,0
IMPACTO-1000,2022-02-01,858,0,1,0
IMPACTO-1000,2022-03-01,773,1,0,0
IMPACTO-1000,2022-04-01,868,0,0,1
IMPACTO-1000,2022-05-01,886,0,0,1
IMPACTO-1000,2022-06-01,740,0,0,0
IMPACTO-1000,2022-07-01,835,1,0,0
IMPACTO-1000,2022-08-01,670,0,0,0
IMPACTO-1000,2022-09-01,954,0,0,1
IMPACTO-1000,2022-10-01,750,0,0,0
IMPACTO-1000,2022-11-01,716,0,0,0
IMPACTO-1000,2022-12-01,668,0,0,0
IMPACTO-1000,2023-01-01,757,0,0,0
IMPACTO-1000,2023-02-01,803,1,0,0
IMPACTO-1000,2023-03-01,872,1,0,0
IMPACTO-1000,2023-04-01,1049,1,0,1
IMPACTO-1000,2023-05-01,1139,1,1,1
IMPACTO-1000,2023-06-01,715,0,0,0
IMPACTO-1000,2023-07-01,727,0,0,0
IMPACTO-1000,2023-08-01,695,0,0,0
IMPACTO-1000,2023-09-01,1044,1,0,1
IMPACTO-1000,2023-10-01,741,0,0,0
IMPACTO-1000,2023-11-01,742,0,0,0
IMPACTO-1000,2023-12-01,679,0,0,0
IMPACTO-1000,2024-01-01,694,0,0,0
IMPACTO-1000,2024-02-01,773,0,0,0
IMPACTO-1000,2024-03-01,716,0,0,0
IMPACTO-1000,2024-04-01,959,0,0,1
IMPACTO-1000,2024-05-01,950,0,0,1
IMPACTO-1000,2024-06-01,796,0,1,0
IMPACTO-1000,2024-07-01,812,1,0,0
IMPACTO-1000,2024-08-01,835,1,0,0
IMPACTO-1000,2024-09-01,991,0,0,1
IMPACTO-1000,2024-10-01,701,0,0,0
IMPACTO-1000,2024-11-01,788,0,0,0
IMPACTO-1000,2024-12-01,786,0,0,0
IMPACTO-1000,2025-01-01,811,0,0,0
IMPACTO-1000,2025-02-01,712,0,0,0
IMPACTO-1000,2025-03-01,702,0,0,0
IMPACTO-1000,2025-04-01,1124,1,0,1
IMPACTO-1000,2025-05-01,1044,0,0,1
IMPACTO-1000,2025-06-01,781,0,0,0
IMPACTO-1000,2025-07-01,724,0,0,0
IMPACTO-1000,2025-08-01,723,0,0,0
IMPACTO-1000,2025-09-01,958,0,0,1
IMPACTO-1000,2025-10-01,775,0,0,0
IMPACTO-1000,2025-11-01,860,0,1,0
IMPACTO-1000,2025-12-01,767,0,0,0
